match_idx,Date,HomeTeam,AwayTeam,FTHG,FTAG,actual,train_size,p_home,p_draw,p_away,lambda_home,lambda_away,dep_param,B365H,B365D,B365A
1305,2025-03-30,Le Havre,Nantes,3,2,H,1305,0.3444707461677994,0.30042437173755937,0.35510488209464114,1.169794002932131,1.1915637393873704,-0.0804690072102949,3.1,3.2,2.37
1306,2025-03-30,Toulouse,Brest,2,4,A,1306,0.4038959038733479,0.2857880251164162,0.3103160710102358,1.3730851471810113,1.1747894079952943,-0.0804690072102949,2.0,3.25,4.1
1307,2025-03-30,Angers,Rennes,0,3,A,1307,0.16397721446220756,0.22955438877751158,0.606468396760281,0.9302157262092725,1.9628238409389878,-0.0804690072102949,4.2,3.6,1.82
1308,2025-03-30,Auxerre,Montpellier,1,0,H,1308,0.39376996091601024,0.266772953740251,0.3394570853437387,1.5021418969037523,1.3807571060628943,-0.0804690072102949,1.69,3.8,4.5
1309,2025-04-04,Nice,Nantes,1,2,A,1309,0.5627333463865513,0.2741083624673575,0.1631582911460912,1.5459515345217196,0.7169679571601475,-0.0804690072102949,1.5,4.2,6.5
1310,2025-04-05,Paris SG,Angers,1,0,H,1310,0.8629887841159007,0.09723141009173078,0.03977980579236848,3.2936253408546805,0.6682232654643738,-0.0804690072102949,1.14,8.0,19.0
1311,2025-04-05,Brest,Monaco,2,1,H,1311,0.3042083297771731,0.2582725141622635,0.4375191560605634,1.343743824729204,1.6475424765621531,-0.0804690072102949,4.0,3.6,1.9
1312,2025-04-05,Lyon,Lille,2,1,H,1312,0.39407021851925605,0.2689997883104282,0.33692999317031574,1.4843823011347654,1.3574816954652387,-0.0804690072102949,2.2,3.6,3.1
1313,2025-04-06,Rennes,Auxerre,0,1,A,1313,0.6538520046226481,0.2085034346632224,0.13764456071412948,2.151884907753919,0.8964409447855766,-0.0804690072102949,1.85,3.6,4.33
1314,2025-04-06,Reims,Strasbourg,0,1,A,1314,0.3606958351539926,0.2970835192899616,0.3422206455560458,1.2225260972064236,1.1843913866479536,-0.0804690072102949,3.2,3.6,2.15
1315,2025-04-06,Marseille,Toulouse,3,2,H,1315,0.5562439608960323,0.24674054879167723,0.1970154903122905,1.7962593688658002,0.9851053433875256,-0.07294463828283843,1.75,3.8,4.5
1316,2025-04-06,Lens,St Etienne,1,0,H,1316,0.740830294794347,0.1704557097133982,0.08871399549225482,2.425487256038653,0.7385488515007061,-0.07294463828283843,1.55,4.1,6.0
1317,2025-04-06,Montpellier,Le Havre,0,2,A,1317,0.4812997517959452,0.2582211161068686,0.2604791320971862,1.6741257785685717,1.178348099079269,-0.07294463828283843,2.4,3.25,3.0
1318,2025-04-11,Lens,Reims,0,2,A,1318,0.5247604233368163,0.2832600426446397,0.191979534018544,1.470131563624967,0.7873460934019219,-0.07294463828283843,1.53,4.1,6.25
1319,2025-04-12,Monaco,Marseille,3,0,H,1319,0.418614891873467,0.25361495439545795,0.327770153731075,1.646937991945096,1.437452402115657,-0.07294463828283843,2.0,3.8,3.4
1320,2025-04-12,Toulouse,Lille,1,2,A,1320,0.31327807292881554,0.28894103622207906,0.3977808908491054,1.1498918572019583,1.3267052116142326,-0.07294463828283843,2.8,3.3,2.55
1321,2025-04-12,Strasbourg,Nice,2,2,D,1321,0.319652144000187,0.3027562220011448,0.3775916339986681,1.0887500411536004,1.205992156397127,-0.07294463828283843,2.55,3.3,2.75
1322,2025-04-13,St Etienne,Brest,3,3,D,1322,0.2176502713755317,0.23864275266065713,0.5437069759638111,1.133042318386533,1.8942296058608383,-0.07294463828283843,3.5,3.6,2.05
1323,2025-04-13,Angers,Montpellier,2,0,H,1323,0.3215788359002646,0.2708143967603895,0.40760676733934603,1.288169194795558,1.4770815191534723,-0.07294463828283843,1.9,3.5,4.1
1324,2025-04-13,Le Havre,Rennes,1,5,A,1324,0.18854713976995907,0.23978591101892766,0.5716669492111133,0.9853883402608182,1.8633042667863768,-0.07294463828283843,3.5,3.4,2.1
1325,2025-04-13,Auxerre,Lyon,1,3,A,1325,0.2646024063049735,0.2536778389407203,0.4817197547543063,1.222530912156341,1.7163873204956162,-0.07171134466745697,3.6,3.6,2.0
1326,2025-04-18,Rennes,Nantes,2,1,H,1326,0.6227583977905676,0.22419173561351435,0.153049866595918,1.9817403654908252,0.883950447427432,-0.07171134466745697,1.8,3.5,4.75
1327,2025-04-19,Marseille,Montpellier,5,1,H,1327,0.6505793658879473,0.2027236726068214,0.1466969615052314,2.2310119656951612,0.9795615966850013,-0.07171134466745697,1.22,7.0,11.0
1328,2025-04-19,Monaco,Strasbourg,0,0,D,1328,0.5441827499575989,0.2333778717629316,0.22243937827946944,1.9550743581799124,1.191135150926458,-0.07171134466745697,1.57,4.75,4.75
1329,2025-04-19,Paris SG,Le Havre,2,1,H,1329,0.8398470935680726,0.11006325968341156,0.05008964674851586,3.14149304824445,0.7180740313563343,-0.07171134466745697,1.13,9.0,17.0
1330,2025-04-20,Lille,Auxerre,3,1,H,1330,0.5878691224482817,0.24599423065930384,0.1661366468924144,1.7745040910520373,0.8385040617950115,-0.07171134466745697,1.5,4.2,7.0
1331,2025-04-20,Brest,Lens,1,3,A,1331,0.3073353350663113,0.2913871861419775,0.4012774787917112,1.1182420322059403,1.3133160034968068,-0.07171134466745697,2.35,3.3,3.1
1332,2025-04-20,Nice,Angers,2,1,H,1332,0.6452355724399605,0.234367637902246,0.12039678965779341,1.8073703853341234,0.6487052605746739,-0.07171134466745697,1.38,5.0,8.0
1333,2025-04-20,Reims,Toulouse,1,0,H,1333,0.3843354877725586,0.2992701955975132,0.3163943166299281,1.2359833192558725,1.09748484905601,-0.07171134466745697,3.3,3.25,2.25
1334,2025-04-20,St Etienne,Lyon,2,1,H,1334,0.17273256563657044,0.19974528480749695,0.6275221495559327,1.178287726868203,2.3439556765716976,-0.07171134466745697,5.25,4.2,1.62
1335,2025-04-22,Nantes,Paris SG,1,1,D,1335,0.12150995913864097,0.1893241664758127,0.6891658743855463,0.8900472542094028,2.326811296412284,-0.07212536037850854,6.25,5.5,1.4
1336,2025-04-25,Paris SG,Nice,1,3,A,1336,0.5927738452403206,0.23639664260048346,0.170829512159196,1.8783577739618202,0.9134855343333333,-0.07212536037850854,1.7,4.5,4.1
1337,2025-04-26,Le Havre,Monaco,1,1,D,1337,0.18859405178734828,0.22720942605540229,0.5841965221572495,1.0643788127754952,2.004174618278716,-0.07212536037850854,6.5,5.0,1.42
1338,2025-04-26,Lyon,Rennes,4,1,H,1338,0.3689326903016501,0.250712239983881,0.38035506971446903,1.5717397594250284,1.5983625398329402,-0.07212536037850854,1.75,4.2,4.1
1339,2025-04-26,Strasbourg,St Etienne,3,1,H,1339,0.6607880550185813,0.19833071041566208,0.14088123456575666,2.2740461361036486,0.9708711006864559,-0.07212536037850854,1.62,4.2,5.0
1340,2025-04-27,Angers,Lille,0,2,A,1340,0.18493927669510932,0.2582228242575459,0.5568378990473448,0.867532337091498,1.6760617997241398,-0.07212536037850854,6.0,3.9,1.57
1341,2025-04-27,Lens,Auxerre,0,4,A,1341,0.6093378474631088,0.24116231291671827,0.14949983962017288,1.7997643037942914,0.7777146352310367,-0.07212536037850854,1.6,4.0,5.5
1342,2025-04-27,Montpellier,Reims,0,0,D,1342,0.3471562706978852,0.28502503364936993,0.367818695652745,1.2541268333489728,1.2978708142689883,-0.07212536037850854,4.5,3.6,1.75
1343,2025-04-27,Nantes,Toulouse,0,0,D,1343,0.34203561226412915,0.29092153577911184,0.36704285195675895,1.2055451043429601,1.2576826586782082,-0.07212536037850854,2.88,3.25,2.45
1344,2025-04-27,Marseille,Brest,4,1,H,1344,0.5499082631971411,0.24328483674087073,0.20680690006198812,1.8359752736757247,1.0501661362636632,-0.07212536037850854,1.5,4.5,6.0
1345,2025-05-02,Nice,Reims,1,0,H,1345,0.4982491534486185,0.30248587902109936,0.19926496753028214,1.338578454769879,0.747878871861863,-0.07771341385251057,1.4,4.75,7.5
1346,2025-05-03,Strasbourg,Paris SG,2,1,H,1346,0.18875712515217102,0.21924080109824093,0.592002073749588,1.1327644055227315,2.1178420314857997,-0.07771341385251057,2.45,3.75,2.6
1347,2025-05-03,Toulouse,Rennes,2,1,H,1347,0.2882213505374605,0.2680124213329994,0.44376622812954014,1.217764005250616,1.561231943362788,-0.07771341385251057,2.15,3.4,3.4
1348,2025-05-03,St Etienne,Monaco,1,3,A,1348,0.13762949736861957,0.18175296639298447,0.6806175362383959,1.0854571607600145,2.5265678930375524,-0.07771341385251057,6.5,5.25,1.37
1349,2025-05-04,Lyon,Lens,1,2,A,1349,0.3822494010998598,0.27363069499165066,0.34411990390848957,1.4195837393475088,1.3360802280361654,-0.07771341385251057,1.55,4.33,5.75
1350,2025-05-04,Brest,Montpellier,1,0,H,1350,0.5181656992560792,0.24621249866018324,0.2356218020837375,1.8228096920620211,1.1703383605974789,-0.07771341385251057,1.36,5.25,7.5
1351,2025-05-04,Lille,Marseille,1,1,D,1351,0.3762991305815481,0.2816695876806312,0.3420312817378207,1.348792474643,1.2753460986231844,-0.07771341385251057,2.35,3.25,3.1
1352,2025-05-04,Nantes,Angers,0,1,A,1352,0.49031143338687283,0.28176524465934605,0.22792332195378112,1.4841093603723967,0.9341318567856965,-0.07771341385251057,1.9,3.2,4.75
1353,2025-05-04,Auxerre,Le Havre,1,2,A,1353,0.4547161683591505,0.2768897425340575,0.2683940891067919,1.4985900261737761,1.0984279333604505,-0.07771341385251057,2.1,3.6,3.25
1354,2025-05-10,Rennes,Nice,2,0,H,1354,0.41307104114569276,0.29115964849641596,0.2957693103578913,1.3436502287234302,1.0993441067265353,-0.07771341385251057,3.6,3.8,1.95
1355,2025-05-10,Reims,St Etienne,0,2,A,1355,0.5897703173838994,0.2392023311375228,0.17102735147857784,1.8539410647989798,0.9024880072960971,-0.0741640893942569,2.1,3.7,3.2
1356,2025-05-10,Montpellier,Paris SG,1,4,A,1356,0.11518516291243983,0.1655498314937427,0.7192650055938176,1.0235560776169743,2.6786139167592453,-0.0741640893942569,9.0,7.0,1.25
1357,2025-05-10,Monaco,Lyon,2,0,H,1357,0.5021003040812806,0.23021415650642754,0.26768553941229184,2.0008015549138896,1.428006169034061,-0.0741640893942569,1.83,4.2,3.7
1358,2025-05-10,Toulouse,Lens,1,1,D,1358,0.29659058149953366,0.2941502789209012,0.40925913957956517,1.0790004682255172,1.3114187473361862,-0.0741640893942569,2.25,3.5,3.1
1359,2025-05-10,Brest,Lille,2,0,H,1359,0.3182681276066053,0.28418928919194686,0.397542583201448,1.1936206317574896,1.3617373946780842,-0.0741640893942569,4.5,3.8,1.75
1360,2025-05-10,Auxerre,Nantes,1,1,D,1360,0.39756833724625007,0.2904979437614829,0.31193371899226696,1.3182127462849242,1.1396134945567837,-0.0741640893942569,2.8,3.4,2.45
1361,2025-05-10,Angers,Strasbourg,2,1,H,1361,0.23523575254105208,0.26942895655164345,0.49533529090730455,1.0184731585548872,1.5810399559616204,-0.0741640893942569,4.2,3.75,1.8
1362,2025-05-10,Le Havre,Marseille,1,3,A,1362,0.1892018847887627,0.2409920068204143,0.5698061083908229,0.9836271312062395,1.8538514859445836,-0.0741640893942569,6.0,4.5,1.5
1363,2025-05-17,Lens,Monaco,4,0,H,1363,0.39867430797896897,0.2732259685441977,0.3280997234768333,1.445453938109325,1.2912584976598793,-0.0741640893942569,3.9,4.1,1.83
1364,2025-05-17,Lille,Reims,2,1,H,1364,0.5051780364222964,0.2863310689678977,0.20849089460980583,1.4470907706796579,0.8379503529063298,-0.0741640893942569,1.38,4.75,8.5
1365,2025-05-17,Lyon,Angers,2,0,H,1365,0.6672588415923874,0.20008636458449972,0.13265479382311285,2.2341631398201436,0.9087276387233274,-0.07655119432069746,1.29,6.0,9.0
1366,2025-05-17,Marseille,Rennes,4,2,H,1366,0.4380589445389876,0.25912615761086377,0.3028148978501487,1.6314635846125303,1.3248463423125398,-0.07655119432069746,1.75,3.9,4.2
1367,2025-05-17,Nantes,Montpellier,3,0,H,1367,0.42416983597717467,0.27556285055571555,0.3002673134671097,1.4715079414550993,1.2029781662715067,-0.07655119432069746,1.53,4.5,5.5
1368,2025-05-17,Nice,Brest,6,0,H,1368,0.495162473806626,0.2838114382416582,0.22102608795171577,1.4678391288866628,0.8979589239121786,-0.07655119432069746,1.48,4.5,6.5
1369,2025-05-17,Paris SG,Auxerre,3,1,H,1369,0.7995867931305733,0.13220486064425452,0.06820834622517213,2.9217558105692922,0.7968672812787304,-0.07655119432069746,1.2,7.0,13.0
1370,2025-05-17,St Etienne,Toulouse,2,3,A,1370,0.24531393067451232,0.2505161539643899,0.5041699153610978,1.1788242279996268,1.7710652172849963,-0.07655119432069746,1.95,4.2,3.25
1371,2025-05-17,Strasbourg,Le Havre,2,3,A,1371,0.5658216799944744,0.24526372162691548,0.18891459837861008,1.8144371781067443,0.9616579989088275,-0.07655119432069746,1.57,4.75,5.0
1372,2025-08-15,Rennes,Marseille,1,0,H,1372,0.4115299903004259,0.261658030054586,0.32681197964498804,1.568969904775,1.3776163303782294,-0.07655119432069746,3.5,3.6,2.05
1373,2025-08-16,Monaco,Le Havre,3,1,H,1373,0.6873480244654511,0.1890378931841508,0.12361408235039814,2.351881797667187,0.9161084501308167,-0.07655119432069746,1.33,5.25,8.0
1374,2025-08-16,Nice,Toulouse,0,1,A,1374,0.5022359442465634,0.28664554979492984,0.21111850595850676,1.4485026717111247,0.8497069201767541,-0.07655119432069746,2.1,3.3,3.6
1375,2025-08-16,Lens,Lyon,0,1,A,1375,0.4638229830935725,0.2646586605512212,0.27151835635520616,1.5990081994697958,1.173698554839695,-0.07216370720621496,2.3,3.6,2.9
1376,2025-08-17,Brest,Lille,3,3,D,1376,0.31885451466563386,0.2826212002391721,0.39852428509519405,1.2011075679550536,1.3705332288713241,-0.07216370720621496,3.3,3.4,2.2
1378,2025-08-17,Auxerre,Lorient,1,0,H,1378,0.43073658193163883,0.27163092246202647,0.29763249560633476,1.5027159795644123,1.2121948250466739,-0.07216370720621496,2.38,3.3,3.0
1379,2025-08-17,Metz,Strasbourg,0,1,A,1379,0.2341146065513718,0.2675219606574549,0.4983634327911733,1.021298714778741,1.594689169622903,-0.07216370720621496,3.2,3.4,2.25
1380,2025-08-17,Nantes,Paris SG,0,1,A,1380,0.12965485102965849,0.19641134258066198,0.6739338063896796,0.9036430287739898,2.2611918993936957,-0.07216370720621496,7.5,5.5,1.36
1381,2025-08-22,Paris SG,Angers,1,0,H,1381,0.8498651457475929,0.10545450886562874,0.04468034538677842,3.155485294029024,0.668988141168444,-0.07216370720621496,1.08,12.0,21.0
1383,2025-08-23,Nice,Auxerre,3,1,H,1383,0.5887133651122565,0.25419326395412184,0.15709337093362163,1.68969379258493,0.757587704117986,-0.07216370720621496,1.62,4.2,5.0
1384,2025-08-23,Lyon,Metz,3,0,H,1384,0.6809899666911367,0.1942755371157201,0.12473449619314327,2.271465782880503,0.8816072397705565,-0.07216370720621496,1.4,5.0,7.0
1385,2025-08-24,Strasbourg,Nantes,1,0,H,1385,0.5035315451544345,0.26832436330374704,0.22814409154181856,1.5713138130313118,0.9796189613982063,-0.06377490587496921,1.75,3.5,5.0
1386,2025-08-24,Lille,Monaco,1,0,H,1386,0.394990897807122,0.26393374014372073,0.3410753620491573,1.4920282463267,1.3718860241356006,-0.06377490587496921,3.1,3.6,2.2
1387,2025-08-24,Toulouse,Brest,2,0,H,1387,0.4160932169588186,0.27310898671485456,0.3107977963263268,1.4524527776830412,1.224354511331352,-0.06377490587496921,2.1,3.6,3.3
1388,2025-08-24,Lorient,Rennes,4,0,H,1388,0.21589150991357506,0.23804815900368537,0.5460603310827397,1.111204460826286,1.8780365943736013,-0.06377490587496921,2.8,3.3,2.55
1389,2025-08-24,Le Havre,Lens,1,2,A,1389,0.2106974862176143,0.26583840454085106,0.5234641092415345,0.9246733439229894,1.5962136006964476,-0.06377490587496921,3.75,3.6,1.95
1390,2025-08-29,Lens,Brest,3,1,H,1390,0.5224099431068605,0.2627875667619444,0.21480249013119507,1.6238716328875105,0.9569717178402326,-0.06377490587496921,1.85,3.75,4.0
1391,2025-08-30,Lorient,Lille,1,7,A,1391,0.2367386839940689,0.26305272789650574,0.5002085881094254,1.0415999548249344,1.6173855982801848,-0.06377490587496921,3.4,3.5,2.1
1392,2025-08-30,Nantes,Auxerre,1,0,H,1392,0.4186612499766743,0.2872778613551068,0.29406088866821883,1.3509645570523694,1.0913982936301014,-0.06377490587496921,2.2,3.4,3.25
1393,2025-08-30,Toulouse,Paris SG,3,6,A,1393,0.1746150966370294,0.21559732618312377,0.6097875771798469,1.0508279003632908,2.106339708868953,-0.06377490587496921,8.5,5.25,1.33
1394,2025-08-31,Paris FC,Metz,3,2,H,1394,0.2998731803464534,0.2460094789252479,0.45411734072829874,1.3924904773524813,1.7524551414846394,-0.06377490587496921,1.8,3.7,4.33
1395,2025-08-31,Monaco,Strasbourg,3,2,H,1395,0.5391420230857608,0.2350124338093038,0.22584554310493543,1.9052490159395308,1.1699307446288993,-0.05903728284932973,1.55,4.33,5.5
1396,2025-08-31,Lyon,Marseille,1,0,H,1396,0.36909301543349815,0.25077306670269406,0.3801339178638078,1.5424268839237418,1.5679408536398722,-0.05903728284932973,2.63,3.6,2.5
1397,2025-08-31,Angers,Rennes,1,1,D,1397,0.17661578856724577,0.23510480221104066,0.5882794092217135,0.927928609013005,1.868099370191888,-0.05903728284932973,3.4,3.5,2.1
1398,2025-08-31,Le Havre,Nice,3,1,H,1398,0.2075730996555522,0.2733421541276252,0.5190847462168225,0.8685518873145265,1.5219237433852224,-0.05903728284932973,3.6,3.5,2.05
1399,2025-09-12,Marseille,Lorient,4,0,H,1399,0.6766478796497724,0.19259258890521858,0.130759531445009,2.2827450366932593,0.9140937592252733,-0.05903728284932973,1.38,5.0,7.5
1400,2025-09-13,Auxerre,Monaco,1,2,A,1400,0.22533731108018445,0.23896861292597676,0.5356940759938388,1.1391096138632395,1.8588881333989076,-0.05903728284932973,5.0,4.33,1.6
1401,2025-09-13,Nice,Nantes,1,0,H,1401,0.5653890136284319,0.2696373286392297,0.16497365773233852,1.541890786935084,0.7124204169253433,-0.05903728284932973,1.67,3.7,5.25
1402,2025-09-14,Rennes,Lyon,3,1,H,1402,0.4815402770948799,0.23870354672477584,0.27975617618034426,1.8482547279426678,1.3706664863771816,-0.05903728284932973,2.63,3.6,2.55
1403,2025-09-14,Strasbourg,Le Havre,1,0,H,1403,0.5640425327999247,0.24091054520937166,0.19504692199070375,1.8233289958022196,0.9851647570786082,-0.05903728284932973,1.62,4.0,5.5
1404,2025-09-14,Paris SG,Lens,2,0,H,1404,0.5939152849110323,0.22557406470633481,0.18051065038263295,1.980470638692597,1.007105707729601,-0.05903728284932973,1.33,5.75,7.5
1405,2025-09-14,Brest,Paris FC,1,2,A,1405,0.709299305790824,0.14942423689320242,0.14127645731597363,3.141309645723327,1.4377913896105619,-0.055917470312203,2.25,3.5,3.1
1406,2025-09-14,Lille,Toulouse,2,1,H,1406,0.5213284444419263,0.25884801926397194,0.21982353629410187,1.6433800090230541,0.9849290358981543,-0.055917470312203,1.75,3.8,4.5
1407,2025-09-14,Metz,Angers,1,1,D,1407,0.3817557382575465,0.2972719931950593,0.3209722685473942,1.215069663039719,1.0917886522863365,-0.055917470312203,2.25,3.4,3.2
1408,2025-09-19,Lyon,Angers,1,0,H,1408,0.6686057258091764,0.20013221644760149,0.13126205774322205,2.174370714758354,0.8623698666861845,-0.055917470312203,1.44,4.33,7.0
1409,2025-09-20,Nantes,Rennes,2,2,D,1409,0.24408660489151426,0.2633539223236646,0.49255947278482115,1.0530864114613017,1.5941874451384623,-0.055917470312203,3.5,3.4,2.1
1410,2025-09-20,Brest,Nice,4,1,H,1410,0.29990972799080984,0.2906571006937422,0.409433171315448,1.0748281332615761,1.3000979470840532,-0.055917470312203,2.63,3.5,2.6
1411,2025-09-20,Lens,Lille,3,0,H,1411,0.41390852271503226,0.29163928907736664,0.2944521882076011,1.299943465904847,1.0550256848394004,-0.055917470312203,2.38,3.5,2.9
1412,2025-09-21,Paris FC,Strasbourg,2,3,A,1412,0.21509273918433133,0.18351463495540923,0.6013926258602593,1.61172880655791,2.6835192842552744,-0.055917470312203,2.35,3.5,2.9
1413,2025-09-21,Auxerre,Toulouse,1,0,H,1413,0.3315525450188949,0.2778278137654497,0.3906196412156554,1.232743311710961,1.3587068098994661,-0.055917470312203,2.75,3.2,2.7
1414,2025-09-21,Le Havre,Lorient,1,1,D,1414,0.4190998858412642,0.2649606539729604,0.3159394601857754,1.5068005206995074,1.279363322044328,-0.055917470312203,2.25,3.5,3.1
1415,2025-09-21,Monaco,Metz,5,2,H,1415,0.7401943423897674,0.16590711175230352,0.09389854585792902,2.4802512823832368,0.7864041559566022,-0.05524816639057691,1.27,6.0,10.0
1416,2025-09-22,Marseille,Paris SG,1,0,H,1416,0.29670311493598134,0.23984181394544143,0.4634550711185772,1.4161206670127893,1.8101287826912584,-0.05524816639057691,3.7,4.1,1.9
1417,2025-09-26,Strasbourg,Marseille,1,2,A,1417,0.31092989217705946,0.26329139945716445,0.425778708365776,1.275415516822357,1.5295052180547164,-0.05524816639057691,3.6,3.6,2.0
1418,2025-09-27,Paris SG,Auxerre,2,0,H,1418,0.8029567770007032,0.12967752262865231,0.06736570037064452,2.8987084961344802,0.7707953786583284,-0.05524816639057691,1.14,8.0,15.0
1419,2025-09-27,Lorient,Monaco,3,1,H,1419,0.21500381715937616,0.22482621017662358,0.5601699726640003,1.186971401231989,2.016157902062003,-0.05524816639057691,5.5,4.1,1.6
1420,2025-09-27,Toulouse,Nantes,2,2,D,1420,0.47511154771662445,0.2775177503015653,0.24737070198181033,1.4637230556088836,0.9853498618794052,-0.05524816639057691,1.7,3.5,5.5
1421,2025-09-28,Nice,Paris FC,1,1,D,1421,0.7075769071067262,0.16303472002226743,0.12938837287100638,2.757535312988064,1.1468699078435054,-0.05524816639057691,1.85,3.75,4.0
1422,2025-09-28,Angers,Brest,0,2,A,1422,0.269943209814676,0.2747182522260332,0.45533853795929075,1.0749965651194064,1.4696028317571295,-0.05524816639057691,3.1,3.25,2.38
1423,2025-09-28,Lille,Lyon,0,1,A,1423,0.4551209780741208,0.2566819300177703,0.2881970919081089,1.6261802887212653,1.2515400448711613,-0.05524816639057691,2.25,3.4,3.2
1424,2025-09-28,Metz,Le Havre,0,0,D,1424,0.34319780621657064,0.28477652655289437,0.37202566723053493,1.2144148946253241,1.2747938820839138,-0.05524816639057691,2.7,3.2,2.7
1425,2025-09-28,Rennes,Lens,0,0,D,1425,0.4164248023039259,0.27372504678293247,0.3098501509131416,1.4270430890868193,1.1981272074896323,-0.053791197248483136,2.5,3.4,2.75
1426,2025-10-03,Paris FC,Lorient,2,0,H,1426,0.48756240458646655,0.2101120346323624,0.302325560781171,2.2332553692740698,1.750335743039835,-0.053791197248483136,1.73,3.9,4.5
1427,2025-10-04,Metz,Marseille,0,3,A,1427,0.14609837333177406,0.21797680544794346,0.6359248212202825,0.8476820740678676,1.9932487562283212,-0.053791197248483136,6.25,5.0,1.45
1428,2025-10-04,Brest,Nantes,0,0,D,1428,0.48525310459861365,0.2683543690664699,0.24639252633491643,1.5418450696801613,1.0288465161636247,-0.053791197248483136,1.85,3.75,4.0
1429,2025-10-04,Auxerre,Lens,1,2,A,1429,0.23127313876987873,0.27647996592040036,0.492246895309721,0.9324757782782902,1.4787147116372747,-0.053791197248483136,3.6,3.8,1.95
1430,2025-10-05,Lille,Paris SG,1,1,D,1430,0.2564899853819622,0.2452926442692139,0.4982173703488239,1.2156909554116795,1.7708195925641619,-0.053791197248483136,4.5,3.9,1.75
1431,2025-10-05,Strasbourg,Angers,5,0,H,1431,0.5984492933453284,0.23815654599655928,0.16339416065811233,1.8077582282488116,0.8348078218828182,-0.053791197248483136,1.67,3.9,5.25
1432,2025-10-05,Le Havre,Rennes,2,2,D,1432,0.21556765074837214,0.23935732534953477,0.5450750239020931,1.0815604004957817,1.838745239344694,-0.053791197248483136,3.1,3.3,2.35
1433,2025-10-05,Lyon,Toulouse,1,2,A,1433,0.5208569658611298,0.24111028092213987,0.23803275321673026,1.822652117466221,1.1695996565825526,-0.053791197248483136,1.9,3.7,4.0
1434,2025-10-05,Monaco,Nice,2,2,D,1434,0.4346838462039556,0.27111947277494136,0.294196681021103,1.4726107136792863,1.169500667601238,-0.053791197248483136,1.9,3.7,3.9
1435,2025-10-17,Paris SG,Strasbourg,3,3,D,1435,0.7057207053688678,0.17477093086913204,0.11950836376200016,2.5001986834701664,0.9558485953545117,-0.05842394922334606,1.3,6.0,8.5
1436,2025-10-18,Nice,Lyon,3,2,H,1436,0.4469274172091488,0.27373652047830416,0.27933606231254693,1.4755906746705847,1.1164323603948538,-0.05842394922334606,2.45,3.4,2.8
1437,2025-10-18,Angers,Monaco,1,1,D,1437,0.16965211058875312,0.2221410235047782,0.6082068659064687,0.9679122174268692,2.003007368582773,-0.05842394922334606,5.5,4.0,1.62
1438,2025-10-18,Marseille,Le Havre,6,2,H,1438,0.6886972658729299,0.19182124824985428,0.11948148587721588,2.246762625049451,0.8343552362854887,-0.05842394922334606,1.33,5.0,9.0
1439,2025-10-19,Nantes,Lille,0,2,A,1439,0.25720739800937487,0.28646343969126314,0.45632916229936205,0.9773756866615089,1.3884355877796826,-0.05842394922334606,4.5,3.6,1.8
1440,2025-10-19,Lens,Paris FC,2,1,H,1440,0.6271405738364008,0.20157221591469976,0.17128721024889956,2.2776666167242756,1.127353979898941,-0.05842394922334606,1.85,3.75,4.0
1441,2025-10-19,Lorient,Brest,3,3,D,1441,0.32665641383155264,0.2637393757614604,0.40960421040698697,1.3236284016294246,1.5076724288272267,-0.05842394922334606,2.38,3.25,3.0
1442,2025-10-19,Rennes,Auxerre,2,2,D,1442,0.6363297747411846,0.21288102927538885,0.15078919598342658,2.076341058173926,0.9147403563773088,-0.05842394922334606,1.75,3.7,4.75
1443,2025-10-19,Toulouse,Metz,4,0,H,1443,0.6027519322996936,0.23581259252771497,0.16143547517259146,1.8395086810877166,0.8443881070675209,-0.05842394922334606,1.6,3.8,6.0
1444,2025-10-24,Paris FC,Nantes,1,2,A,1444,0.4699565990623682,0.23906365055368003,0.29097975038395174,1.8330622659950906,1.4088608054899534,-0.05842394922334606,1.65,4.1,5.0
1445,2025-10-25,Brest,Paris SG,0,3,A,1445,0.1776598339934012,0.20706394417259863,0.6152762218340001,1.1260455630280044,2.216484954606636,-0.05973601120174374,7.5,5.5,1.33
1446,2025-10-25,Monaco,Toulouse,1,0,H,1446,0.5595737651339019,0.2290073910340488,0.21141884383204929,1.9725853844493642,1.146007476237077,-0.05973601120174374,1.83,3.9,4.0
1447,2025-10-25,Lens,Marseille,2,1,H,1447,0.38547872293728647,0.2831058135967411,0.3314154634659724,1.3198980602670396,1.205899524200833,-0.05973601120174374,2.7,3.6,2.45
1448,2025-10-26,Lille,Metz,6,1,H,1448,0.7009872450151357,0.19689518814014648,0.1021175668447178,2.1130644404067622,0.6804531711427457,-0.05973601120174374,1.3,5.5,9.5
1449,2025-10-26,Angers,Lorient,2,0,H,1449,0.3487236286928082,0.28230034967262563,0.3689760216345663,1.2513725791982688,1.294201356955554,-0.05973601120174374,2.55,3.2,2.88
1450,2025-10-26,Auxerre,Le Havre,0,1,A,1450,0.4491290395314567,0.27080595788727285,0.2800650025812704,1.5045913651116005,1.1390892636751402,-0.05973601120174374,2.1,3.4,3.5
1451,2025-10-26,Rennes,Nice,1,2,A,1451,0.42015852014849253,0.2814165673763547,0.2984249124751528,1.3867375379027498,1.1298646387094942,-0.05973601120174374,2.2,3.5,3.2
1452,2025-10-26,Lyon,Strasbourg,2,1,H,1452,0.48174036762617056,0.24616911983307604,0.2720905125407533,1.7664641663399954,1.281999889704158,-0.05973601120174374,2.1,3.75,3.3
1453,2025-10-29,Strasbourg,Auxerre,3,0,H,1453,0.5380715134460758,0.250582169372345,0.21134631718157906,1.732279706866832,1.0034831095906007,-0.05973601120174374,1.75,3.8,4.5
1454,2025-10-29,Paris FC,Lyon,3,3,D,1454,0.28959079281772865,0.21449546322665805,0.49591374395561333,1.6540477219818475,2.1836596532508206,-0.05973601120174374,2.7,3.5,2.5
1455,2025-10-29,Toulouse,Rennes,2,2,D,1455,0.3213070907869923,0.26255478508377905,0.41613812412922857,1.3122017338561618,1.5228238860118408,-0.055888254965610264,2.15,3.5,3.3
1456,2025-10-29,Nantes,Monaco,3,5,A,1456,0.24593313783065832,0.25519385261442096,0.49887300955492064,1.1101743074726882,1.6737002918764412,-0.055888254965610264,4.75,4.0,1.7
1457,2025-10-29,Le Havre,Brest,1,0,H,1457,0.320117555912802,0.2664842412886663,0.41339820279853173,1.2802152008747099,1.4851093429831093,-0.055888254965610264,2.55,3.2,2.9
1458,2025-10-29,Nice,Lille,2,0,H,1458,0.40398396822077803,0.2987863248428824,0.2972297069363396,1.2408166183859595,1.025610173420474,-0.055888254965610264,3.0,3.5,2.3
1459,2025-10-29,Metz,Lens,2,0,H,1459,0.1520616227981382,0.24262058170378048,0.6053177954980813,0.7593751635472662,1.7541525381540048,-0.055888254965610264,6.25,4.5,1.5
1460,2025-10-29,Lorient,Paris SG,1,1,D,1460,0.11049332839109632,0.16383527248815527,0.7256713991207485,0.9601027610561089,2.6267818922690256,-0.055888254965610264,9.5,6.5,1.25
1461,2025-10-29,Marseille,Angers,2,2,D,1461,0.7263397462676919,0.17918053456227187,0.09447971917003611,2.290625853075306,0.7094548082405071,-0.055888254965610264,1.22,6.5,12.0
1462,2025-11-01,Paris SG,Nice,1,0,H,1462,0.5972784556912863,0.22952060170853394,0.1732009426001797,1.9172019416471657,0.937236170097267,-0.055888254965610264,1.25,6.0,10.0
1463,2025-11-01,Monaco,Paris FC,0,1,A,1463,0.6916784736389622,0.15805610566106806,0.15026542069996976,2.989253635828917,1.4104335577795097,-0.055888254965610264,1.67,4.33,4.33
1464,2025-11-01,Auxerre,Marseille,0,1,A,1464,0.20446487462199023,0.24408582381711266,0.5514493015608971,1.0044110877771768,1.7878154860194917,-0.055888254965610264,4.75,4.0,1.67
1465,2025-11-02,Brest,Lyon,0,0,D,1465,0.3538107547749328,0.251482160151066,0.39470708507400126,1.4757203128108278,1.569358885638368,-0.04907474242585945,3.1,3.5,2.25
1466,2025-11-02,Toulouse,Le Havre,0,0,D,1466,0.5372568297575401,0.24866212164474394,0.21408104859771604,1.727688735853987,1.007259765600831,-0.04907474242585945,1.75,3.7,4.75
1467,2025-11-02,Nantes,Metz,0,2,A,1467,0.5302116718374688,0.26503204781041945,0.20475628035211182,1.5722975159055248,0.8806848558016678,-0.04907474242585945,1.91,3.6,4.0
1468,2025-11-02,Lille,Angers,1,0,H,1468,0.6668205018808848,0.212751378420284,0.12042811969883117,1.9730985690224654,0.7101654270964419,-0.04907474242585945,1.27,6.0,10.0
1469,2025-11-02,Lens,Lorient,3,0,H,1469,0.6335583435851673,0.22173461521433088,0.14470704120050185,1.9366521870325617,0.8109642633420542,-0.04907474242585945,1.48,4.33,6.5
1470,2025-11-02,Rennes,Strasbourg,4,1,H,1470,0.5160297583296402,0.24105418507463258,0.24291605659572732,1.8113472989621702,1.1813970790054298,-0.04907474242585945,2.25,3.6,3.0
1471,2025-11-07,Paris FC,Rennes,0,1,A,1471,0.3088689259965261,0.2230564436921009,0.468074630311373,1.6136348025962743,2.010120611691287,-0.04907474242585945,2.2,3.5,3.2
1472,2025-11-08,Marseille,Brest,3,0,H,1472,0.5938969936649061,0.222623923832094,0.18347908250299988,1.994625487721907,1.0242293505971753,-0.04907474242585945,1.44,4.75,6.5
1473,2025-11-08,Le Havre,Nantes,1,1,D,1473,0.3794213518323827,0.2855973070129594,0.334981341154658,1.2712935525672284,1.1788300662687028,-0.04907474242585945,1.9,3.3,4.5
1474,2025-11-08,Monaco,Lens,1,4,A,1474,0.42795500318698115,0.26450221254574036,0.3075427842672785,1.5084669720599515,1.2442085882885559,-0.04907474242585945,2.05,3.9,3.2
1475,2025-11-09,Strasbourg,Lille,2,0,H,1475,0.349198989869703,0.2750309963810536,0.3757700137492434,1.2861737894193974,1.3431677387743821,-0.05202537415579641,2.63,3.5,2.55
1476,2025-11-09,Metz,Nice,2,1,H,1476,0.16822337518746946,0.2570690731677122,0.5747075516448182,0.7669266954004491,1.6332695611243562,-0.05202537415579641,3.3,3.6,2.1
1477,2025-11-09,Lyon,Paris SG,2,3,A,1477,0.2380426206778004,0.21906199437446228,0.5428953849477373,1.3459147212146234,2.098688085961103,-0.05202537415579641,4.2,3.9,1.8
1478,2025-11-09,Lorient,Toulouse,1,1,D,1478,0.3203075146809879,0.26766604209136924,0.4120264432276428,1.2645030246353455,1.4647918073545456,-0.05202537415579641,3.0,3.3,2.4
1479,2025-11-09,Angers,Auxerre,2,0,H,1479,0.34804507394618955,0.29540135217790925,0.3565535738759012,1.1552660731285052,1.1725780310203497,-0.05202537415579641,2.55,3.1,2.9
1480,2025-11-21,Nice,Marseille,1,5,A,1480,0.376110481435988,0.2875179057805135,0.3363716127834985,1.2583923641514883,1.1759467120550033,-0.05202537415579641,3.8,3.75,1.91
1481,2025-11-22,Lens,Strasbourg,1,0,H,1481,0.5084616340128318,0.2638321423506219,0.22770622363654625,1.587081969388539,0.9816372287218996,-0.05202537415579641,2.05,3.75,3.4
1482,2025-11-22,Rennes,Monaco,4,1,H,1482,0.44684713639535445,0.23852953195676152,0.314623331647884,1.7979399488275427,1.4837688970007372,-0.05202537415579641,2.63,3.7,2.45
1483,2025-11-22,Paris SG,Le Havre,3,0,H,1483,0.8202786569750101,0.12001040444805144,0.05971093857693848,2.99811581184557,0.7438335243245756,-0.05202537415579641,1.18,7.5,12.0
1484,2025-11-23,Auxerre,Lyon,0,0,D,1484,0.26272787565195593,0.2531821908324647,0.4840899335155793,1.179768411259042,1.677130561489425,-0.05202537415579641,3.9,3.4,2.0
1485,2025-11-23,Brest,Metz,3,2,H,1485,0.6017651167514635,0.2297871180554993,0.16844776519303725,1.902607876330888,0.906704459049183,-0.05388265687319025,1.8,3.75,4.33
1486,2025-11-23,Nantes,Lorient,1,1,D,1486,0.4456534991948982,0.2748158906512018,0.27953061015389996,1.4561087237492747,1.1021671764892345,-0.05388265687319025,2.63,3.3,2.7
1487,2025-11-23,Toulouse,Angers,0,1,A,1487,0.5688483402505636,0.2513077908718422,0.17984386887759418,1.697153368657925,0.848723415666824,-0.05388265687319025,1.6,3.8,6.0
1488,2025-11-23,Lille,Paris FC,4,2,H,1488,0.5833237002843583,0.2217388751991371,0.19493742451650456,2.0327921004076863,1.1022394196986285,-0.05388265687319025,1.62,4.0,5.5
1489,2025-11-28,Metz,Rennes,0,1,A,1489,0.16489836049368795,0.21894682287773265,0.6161548166285794,0.9527514197000405,2.021167008119461,-0.05388265687319025,4.0,3.6,1.85
1490,2025-11-29,Monaco,Paris SG,1,0,H,1490,0.2703215306167314,0.2222244171598699,0.5074540522233987,1.4724864336007306,2.060079104091475,-0.05388265687319025,5.0,4.33,1.6
1491,2025-11-29,Paris FC,Auxerre,1,1,D,1491,0.510572513767841,0.24313577946689516,0.24629170676526385,1.7987179298266742,1.190115896526171,-0.05388265687319025,1.8,3.6,4.5
1492,2025-11-29,Marseille,Toulouse,2,2,D,1492,0.5875717964003446,0.22947599428683144,0.182952209312824,1.9253607358921567,0.9854725806905138,-0.05388265687319025,1.6,3.9,6.0
1493,2025-11-30,Strasbourg,Brest,1,2,A,1493,0.47111087318343003,0.2578389363753239,0.2710501904412462,1.626931714318577,1.181656770496513,-0.05388265687319025,1.8,3.75,4.33
1494,2025-11-30,Angers,Lens,1,2,A,1494,0.1796247149692079,0.26554858250393076,0.5548267025268614,0.7830012596058138,1.5719197317064366,-0.05388265687319025,4.75,3.8,1.75
1495,2025-11-30,Le Havre,Lille,0,1,A,1495,0.22861046898329684,0.2615813005328899,0.5098082304838133,0.9938080536053279,1.6031694207460834,-0.049931721789383106,4.33,3.6,1.85
1496,2025-11-30,Lorient,Nice,3,1,H,1496,0.2344604624248226,0.2696621666038301,0.4958773709713473,0.9719911886243632,1.5278632120220828,-0.049931721789383106,2.45,3.3,2.88
1497,2025-11-30,Lyon,Nantes,3,0,H,1497,0.5821826765300565,0.2327060400814922,0.18511128338845123,1.8817025244752494,0.9692639130331933,-0.049931721789383106,1.42,4.75,7.0
1498,2025-12-05,Brest,Monaco,1,0,H,1498,0.31674597009704336,0.2455773904429238,0.4376766394600328,1.4224058459419129,1.7033125051002584,-0.049931721789383106,3.3,3.9,2.0
1499,2025-12-05,Lille,Marseille,1,0,H,1499,0.37530486562265225,0.26918402276183917,0.35551111161550863,1.3814515340160562,1.3383618605520067,-0.049931721789383106,2.3,3.6,2.9
1500,2025-12-06,Toulouse,Strasbourg,1,0,H,1500,0.3930618224541405,0.27137924581766826,0.3355589317281913,1.398776490818202,1.2744726842917784,-0.049931721789383106,2.5,3.4,2.8
1501,2025-12-06,Paris SG,Rennes,5,0,H,1501,0.6248425913229879,0.19993518049557654,0.17522222818143557,2.2883071697261803,1.1501239820871532,-0.049931721789383106,1.3,6.5,7.5
1502,2025-12-06,Nantes,Lens,1,2,A,1502,0.23468414971080934,0.2864806912181902,0.47883515907100044,0.8911245825039427,1.3891596632205263,-0.049931721789383106,4.75,3.9,1.7
1503,2025-12-07,Nice,Angers,0,1,A,1503,0.6377313910818578,0.23469766959465294,0.1275709393234892,1.7742387075227621,0.657111680690424,-0.049931721789383106,1.95,3.6,3.8
1504,2025-12-07,Auxerre,Metz,3,1,H,1504,0.491258023396535,0.2723254927137612,0.23641648388970385,1.5037172800233194,0.9651396534276798,-0.049931721789383106,2.0,3.5,3.75
1505,2025-12-07,Le Havre,Paris FC,0,0,D,1505,0.3802663522922722,0.24510504460462595,0.37462860310310175,1.5826158282934573,1.5695095344237702,-0.041605958024494606,2.7,3.2,2.7
1506,2025-12-07,Lorient,Lyon,1,0,H,1506,0.2643961882566194,0.2377146132845312,0.4978891984588493,1.2808391435867175,1.8262798075681652,-0.041605958024494606,3.2,3.5,2.2
1507,2025-12-12,Angers,Nantes,4,1,H,1507,0.3426292091757164,0.2995686628633776,0.35780212796090616,1.1028728359134372,1.1332224933302217,-0.041605958024494606,2.15,3.2,3.6
1508,2025-12-13,Rennes,Brest,3,1,H,1508,0.5634375371556034,0.22759786432914705,0.20896459851524957,1.9419280580576739,1.10802475137137,-0.041605958024494606,1.83,3.75,4.1
1509,2025-12-13,Metz,Paris SG,2,3,A,1509,0.07559259919433982,0.1380404749359554,0.7863669258697048,0.7797872500025255,2.77847228810845,-0.041605958024494606,10.0,6.5,1.25
1510,2025-12-13,Paris FC,Toulouse,0,3,A,1510,0.38486988532276245,0.2444808370022387,0.3706492776749988,1.5991691890618132,1.56604699317062,-0.041605958024494606,2.4,3.4,2.88
1511,2025-12-14,Marseille,Monaco,1,0,H,1511,0.49237286586910217,0.23378627574522934,0.2738408583856684,1.8706447444296916,1.352346347256864,-0.041605958024494606,1.9,3.75,3.75
1512,2025-12-14,Strasbourg,Lorient,0,0,D,1512,0.568894470478486,0.23058829213434826,0.20051723738716581,1.8996011090265201,1.0448394272919068,-0.041605958024494606,1.73,3.7,4.75
1513,2025-12-14,Lens,Nice,2,0,H,1513,0.4308954844593866,0.29884726613457957,0.2702572494060338,1.250092964842226,0.930642125576353,-0.041605958024494606,1.48,4.5,6.25
1514,2025-12-14,Auxerre,Lille,3,4,A,1514,0.23790172653415584,0.2704749134210424,0.4916233600448017,0.9657606285951914,1.5017862204953474,-0.041605958024494606,4.5,3.6,1.8
1515,2025-12-14,Lyon,Le Havre,1,0,H,1515,0.6328967230353375,0.20982039548683185,0.15728288147783082,2.0872411365591343,0.944873146021717,-0.042024323394853284,1.6,4.1,5.25
1516,2026-01-02,Toulouse,Lens,0,3,A,1516,0.3040356850358787,0.2869569790840007,0.40900733588012056,1.0814186459528576,1.2974395597885156,-0.042024323394853284,2.45,3.1,2.55
1517,2026-01-03,Monaco,Lyon,1,3,A,1517,0.4921838307911565,0.2289959881086981,0.2788201811001454,1.931950670255477,1.4172205452057773,-0.042024323394853284,2.0,3.75,3.5
1518,2026-01-03,Nice,Strasbourg,1,1,D,1518,0.47505675811629106,0.27518660462096645,0.24975663726274247,1.4549958925684527,0.9828004741120185,-0.042024323394853284,2.7,3.4,2.6
1519,2026-01-03,Lille,Rennes,0,2,A,1519,0.42313971585776156,0.2606689617554896,0.3161913223867489,1.5189902170888254,1.2825871429841895,-0.042024323394853284,1.9,3.7,4.0
1520,2026-01-04,Marseille,Nantes,0,2,A,1520,0.6631370300811826,0.20572825327233482,0.13113471664648246,2.067882168299798,0.8040303320586006,-0.042024323394853284,1.22,6.5,12.0
1521,2026-01-04,Brest,Auxerre,2,0,H,1521,0.518368737322836,0.25274578729884284,0.22888547537832116,1.6708010482844688,1.0316929138760937,-0.042024323394853284,1.91,3.4,4.2
1522,2026-01-04,Le Havre,Angers,2,1,H,1522,0.4406936311465184,0.28354392162727293,0.2757624472262087,1.3616594037054164,1.0209625001248717,-0.042024323394853284,2.05,3.3,3.7
1523,2026-01-04,Lorient,Metz,1,1,D,1523,0.5169848734649698,0.25039093824746683,0.2326241882875634,1.6942347144307321,1.0613610098389625,-0.042024323394853284,1.8,3.5,4.75
1524,2026-01-04,Paris SG,Paris FC,2,1,H,1524,0.8447005122181468,0.10002202324974946,0.055277464532103845,3.424786344453694,0.8675089772282153,-0.042024323394853284,1.17,7.5,17.0
1525,2026-01-16,Paris SG,Lille,3,0,H,1525,0.6257761763640318,0.2080890068303688,0.16613481680559947,2.13319718734855,1.014072100263451,-0.04319289184902008,1.3,5.75,8.0
1526,2026-01-16,Monaco,Lorient,1,3,A,1526,0.6656750278217164,0.18908743232533937,0.1452375398529442,2.3441353184962788,1.017584436306809,-0.04319289184902008,1.65,4.2,4.75
1527,2026-01-17,Lens,Auxerre,1,0,H,1527,0.6346892326205648,0.22737951208588586,0.13793125529354935,1.8499282366631002,0.7352193132439496,-0.04319289184902008,1.42,4.5,7.5
1528,2026-01-17,Toulouse,Nice,5,1,H,1528,0.32918749364574235,0.2935045628131794,0.3773079435410782,1.1091176488803136,1.2068544541594146,-0.04319289184902008,1.95,3.5,3.9
1529,2026-01-17,Angers,Marseille,2,5,A,1529,0.17172436849027534,0.23157150165329357,0.5967041298564311,0.8950421286332029,1.861901733892088,-0.04319289184902008,5.75,4.0,1.6
1530,2026-01-18,Strasbourg,Metz,2,1,H,1530,0.6393368729086786,0.21348965014861088,0.14717347694271044,2.0213655631815444,0.8618492526724825,-0.04319289184902008,1.53,4.33,5.75
1531,2026-01-18,Nantes,Paris FC,1,2,A,1531,0.4285897327372506,0.2628551434107888,0.30855512385196066,1.5104326425236574,1.246814372776343,-0.04319289184902008,3.0,3.2,2.45
1532,2026-01-18,Rennes,Le Havre,1,1,D,1532,0.6669782172614486,0.19892895368074717,0.1340928290578042,2.1657709004038894,0.8670428627515377,-0.04319289184902008,1.67,3.9,5.25
1533,2026-01-18,Lyon,Brest,2,1,H,1533,0.5273428659059897,0.234858183867769,0.23779895022624134,1.8696745605509288,1.1934272143057858,-0.04319289184902008,1.67,4.0,5.0
1534,2026-01-23,Auxerre,Paris SG,0,1,A,1534,0.11739854156657265,0.17787853073554605,0.7047229276978813,0.8859449229312375,2.3961821291087864,-0.04319289184902008,11.0,5.5,1.29
1535,2026-01-24,Le Havre,Monaco,0,0,D,1535,0.22961194549232794,0.23830678465721408,0.5320812698504579,1.129302013808367,1.8254677914286452,-0.04206157080719871,3.4,3.8,2.0
1536,2026-01-24,Marseille,Lens,3,1,H,1536,0.43853358852427204,0.27194662091912025,0.2895197905566077,1.4457628307595007,1.1277843475183402,-0.04206157080719871,2.0,3.75,3.4
1537,2026-01-24,Rennes,Lorient,0,2,A,1537,0.6579357302014874,0.1960854816954893,0.14597878810302328,2.2404545861344807,0.9668839842879214,-0.04206157080719871,1.85,3.7,4.1
1538,2026-01-25,Nantes,Nice,1,4,A,1538,0.2634462000939814,0.2931036659322566,0.44345013397376204,0.9379946024080107,1.3003836873960486,-0.04206157080719871,2.9,3.5,2.38
1539,2026-01-25,Brest,Toulouse,0,2,A,1539,0.41200318945158754,0.266848445739606,0.3211483648088065,1.4497936719659603,1.2522728205686002,-0.04206157080719871,2.8,3.1,2.7
1540,2026-01-25,Metz,Lyon,2,5,A,1540,0.1948208343117184,0.22583396481744367,0.579345200870838,1.049224498280004,1.9516595439887376,-0.04206157080719871,4.75,3.9,1.7
1541,2026-01-25,Paris FC,Angers,0,0,D,1541,0.5177314421829211,0.24467485828026886,0.23759369953680998,1.7543357871116625,1.1193609834160831,-0.04206157080719871,1.83,3.4,4.75
1542,2026-01-25,Lille,Strasbourg,1,4,A,1542,0.4940628850805832,0.2591835186599051,0.24675359625951174,1.6021561282794234,1.0621259483475383,-0.04206157080719871,2.0,3.5,3.6
1543,2026-01-30,Lens,Le Havre,1,0,H,1543,0.6410019085821189,0.22598107273607232,0.13301701868180876,1.8512790677248514,0.7125887789690302,-0.04206157080719871,1.4,5.0,7.0
1544,2026-01-31,Paris FC,Marseille,2,2,D,1544,0.22802808002980252,0.22309179452390793,0.5488801254462896,1.239368744107766,2.0127105962411345,-0.04206157080719871,3.8,3.8,1.9
1545,2026-01-31,Lorient,Nantes,2,1,H,1545,0.416191694713544,0.27625661637759846,0.3075516889088575,1.3891923665070438,1.158841636448953,-0.04503406597399887,1.83,3.5,4.5
1546,2026-01-31,Monaco,Rennes,4,0,H,1546,0.4347885307979013,0.23982304048272662,0.32538842871937196,1.7495499177029488,1.4913762420480259,-0.04503406597399887,2.0,3.9,3.3
1547,2026-02-01,Strasbourg,Paris SG,1,2,A,1547,0.20085013847949704,0.21877327882466388,0.580376582695839,1.1392005197451816,2.054924415159199,-0.04503406597399887,4.75,4.5,1.62
1548,2026-02-01,Toulouse,Auxerre,0,0,D,1548,0.5296828410707599,0.2575004909031024,0.21281666802613772,1.6320219804312899,0.9447064433999205,-0.04503406597399887,1.75,3.6,5.0
1549,2026-02-01,Nice,Brest,2,2,D,1549,0.5066263081345072,0.2652153493699444,0.2281583424955485,1.5593562371960283,0.9637144244099449,-0.04503406597399887,2.1,3.3,3.7
1550,2026-02-01,Angers,Metz,1,0,H,1550,0.4491087248752098,0.276498851183181,0.27439242394160923,1.4283888625182355,1.0603700390908306,-0.04503406597399887,2.1,3.3,3.6
1551,2026-02-01,Lyon,Lille,1,0,H,1551,0.4171901999867885,0.25779693670351383,0.32501286330969764,1.5421736658289513,1.336083812412324,-0.04503406597399887,1.91,3.7,3.8
1552,2026-02-06,Metz,Lille,0,0,D,1552,0.18232769238598473,0.2373645707949752,0.58030773681904,0.9190236946986877,1.8168219195423034,-0.04503406597399887,6.0,4.2,1.55
1553,2026-02-07,Lens,Rennes,3,1,H,1553,0.4390580562144489,0.2699212775536742,0.2910206662318769,1.4689299652782675,1.1505942209474487,-0.04503406597399887,1.75,3.8,4.5
1554,2026-02-07,Brest,Lorient,2,0,H,1554,0.5112280108014454,0.2476509029979282,0.24112108620062636,1.7286767121731794,1.119583602176574,-0.04503406597399887,2.2,3.1,3.5
1555,2026-02-07,Nantes,Lyon,0,1,A,1555,0.2673282688611661,0.2574473740433668,0.4752243570954672,1.154790560724068,1.6149477472354483,-0.04563005502894887,4.75,3.75,1.73
1556,2026-02-08,Le Havre,Strasbourg,2,1,H,1556,0.28410053405761027,0.2741885912384247,0.4417108747039651,1.1045877921441178,1.439390306822999,-0.04563005502894887,4.0,3.5,1.91
1557,2026-02-08,Auxerre,Paris FC,0,0,D,1557,0.39136720862379654,0.2683185844737483,0.34031420690245523,1.4103156917081876,1.2993119217549385,-0.04563005502894887,2.45,3.3,2.9
1558,2026-02-08,Paris SG,Marseille,5,0,H,1558,0.5907705714628415,0.21122749226830995,0.19800193626884846,2.155613933003548,1.185737639658694,-0.04563005502894887,1.42,5.25,6.0
1559,2026-02-08,Nice,Monaco,0,0,D,1559,0.404941584890303,0.26636414770958367,0.3286942674001133,1.4499447910228713,1.2834178380264953,-0.04563005502894887,3.1,3.75,2.15
1560,2026-02-08,Angers,Toulouse,1,0,H,1560,0.2707996678938528,0.279061629189646,0.45013870291650127,1.036168876867289,1.4113122441510169,-0.04563005502894887,3.4,3.2,2.25
1561,2026-02-13,Rennes,Paris SG,3,1,H,1561,0.26169536199241267,0.22832437308041165,0.5099802649271757,1.358578836618671,1.956866603763153,-0.04563005502894887,7.0,5.0,1.4
1562,2026-02-13,Monaco,Nantes,3,1,H,1562,0.6334454874872583,0.2103828134614693,0.15617169905127243,2.08700338547539,0.9409357535284337,-0.04563005502894887,1.48,4.33,7.0
1563,2026-02-14,Marseille,Strasbourg,2,2,D,1563,0.5589110230685264,0.23196448860022661,0.20912448833124703,1.8999696712166196,1.085633238241894,-0.04563005502894887,1.67,4.2,4.5
1564,2026-02-14,Lille,Brest,1,1,D,1564,0.5223064497426015,0.25230407506239017,0.2253894751950083,1.6837889349403385,1.0267973669372172,-0.04563005502894887,1.73,3.6,5.0
1565,2026-02-14,Paris FC,Lens,0,5,A,1565,0.2394930289292881,0.26365167105998544,0.4968553000107265,1.01872702579878,1.5746321276756279,-0.04734429559845268,4.0,3.6,1.85
1566,2026-02-15,Le Havre,Toulouse,2,1,H,1566,0.30697210287994803,0.28390465305973056,0.4091232440603214,1.1159003247555193,1.328571810963408,-0.04734429559845268,3.4,3.1,2.3
1567,2026-02-15,Lorient,Angers,2,0,H,1567,0.4757053375146525,0.2690689930332241,0.2552256694521234,1.515925007207072,1.0440690263326253,-0.04734429559845268,1.91,3.2,4.5
1568,2026-02-15,Metz,Auxerre,1,3,A,1568,0.3362989006184012,0.2879290226314348,0.375772076750164,1.1646664245011966,1.2462197522433396,-0.04734429559845268,2.88,3.0,2.63
1569,2026-02-15,Lyon,Nice,2,0,H,1569,0.4208834458801468,0.27075607900163384,0.3083604751182194,1.4431845418433282,1.2006768620419375,-0.04734429559845268,1.62,3.9,5.5
1570,2026-02-20,Brest,Marseille,2,0,H,1570,0.28711396202032763,0.25128363016403965,0.4616024078156327,1.2715277226522945,1.667033553467961,-0.04734429559845268,3.8,3.6,1.9
1571,2026-02-21,Toulouse,Paris FC,1,1,D,1571,0.5092891116720639,0.2516615640737175,0.23904932425421863,1.6923705187552458,1.0893731980422305,-0.04734429559845268,1.85,3.4,4.5
1572,2026-02-21,Paris SG,Metz,3,0,H,1572,0.8768902665049716,0.08689471566504094,0.036215017829987595,3.3947793567087445,0.6454928542683558,-0.04734429559845268,1.14,9.0,13.0
1573,2026-02-21,Lens,Monaco,2,3,A,1573,0.45239325057925406,0.26136498530139074,0.2862417641193551,1.5620920850910611,1.1961678673779417,-0.04734429559845268,1.65,4.33,4.75
1574,2026-02-22,Auxerre,Rennes,0,3,A,1574,0.23314437440187918,0.25280040905209283,0.5140552165460279,1.058513656419942,1.6819193212714145,-0.04734429559845268,2.9,3.4,2.35
1575,2026-02-22,Angers,Lille,0,1,A,1575,0.20922742175271208,0.26596324015582434,0.5248093380914636,0.8928144476017114,1.562898568395061,-0.04842689327897046,4.2,3.5,1.85
1576,2026-02-22,Nantes,Le Havre,2,0,H,1576,0.4237063398465617,0.2898993420207964,0.28639431813264193,1.3102679540033082,1.0292873693806412,-0.04842689327897046,2.4,3.3,2.9
1577,2026-02-22,Nice,Lorient,3,3,D,1577,0.5823788247725842,0.2432273800217507,0.17439379520566523,1.757694829563441,0.8546068079148881,-0.04842689327897046,2.05,3.6,3.4
1578,2026-02-22,Strasbourg,Lyon,3,1,H,1578,0.38186837984294325,0.25516236798101444,0.36296925217604237,1.5076858582258472,1.4648891692883093,-0.04842689327897046,2.3,3.6,2.9
1579,2026-02-27,Strasbourg,Lens,1,1,D,1579,0.32125953790262474,0.28102153356769827,0.397718928529677,1.1721576389300579,1.332895151155048,-0.04842689327897046,2.2,3.6,3.1
1580,2026-02-28,Le Havre,Paris SG,0,1,A,1580,0.11383755101002807,0.18016359916004832,0.7059988498299237,0.8498177843455795,2.3585633798898415,-0.04842689327897046,8.0,6.25,1.3
1581,2026-02-28,Rennes,Toulouse,1,0,H,1581,0.5409911871741898,0.23967191021982495,0.21933690260598518,1.8234087401863486,1.0863008220575139,-0.04842689327897046,1.95,3.5,3.7
1582,2026-02-28,Monaco,Angers,2,0,H,1582,0.695534729990302,0.1865845476539161,0.11788072235578197,2.2849173765864617,0.8385297456497763,-0.04842689327897046,1.5,4.33,6.5
1583,2026-03-01,Marseille,Lyon,3,2,H,1583,0.5050264754310754,0.23530110133314264,0.259672423235782,1.874748813727449,1.2956364432980367,-0.04842689327897046,1.95,3.6,3.8
1584,2026-03-01,Metz,Brest,0,1,A,1584,0.24827061542346518,0.25849675900374436,0.4932326255727905,1.083986553350217,1.6224995131462856,-0.04842689327897046,3.6,3.4,2.1
1585,2026-03-01,Lille,Nantes,1,0,H,1585,0.5871043073987566,0.24430111848175395,0.1685945741194894,1.7345195166687806,0.81619257292115,-0.04522714938448024,1.45,4.5,7.0
1586,2026-03-01,Paris FC,Nice,1,0,H,1586,0.2519777538701948,0.26445699035270354,0.4835652557771017,1.0555357796021996,1.5560299155627888,-0.04522714938448024,2.4,3.4,2.9
1587,2026-03-01,Lorient,Auxerre,2,2,D,1587,0.4415187794648995,0.27166376893968636,0.2868174515954141,1.458227650624317,1.1273273490421596,-0.04522714938448024,2.05,3.25,3.9
1588,2026-03-06,Paris SG,Monaco,1,3,A,1588,0.649778362581841,0.18699153934189658,0.16323009807626246,2.4464810735406575,1.17361566441798,-0.04522714938448024,1.36,5.5,7.0
1589,2026-03-07,Toulouse,Marseille,0,1,A,1589,0.2972470803411045,0.2600355666578882,0.44271735300100734,1.2364164792977026,1.5582436244445566,-0.04522714938448024,2.9,3.5,2.35
1590,2026-03-07,Nantes,Angers,0,1,A,1590,0.4676661806184156,0.2858709271552738,0.24646289222631051,1.3768069331218824,0.9247235569509507,-0.04522714938448024,2.2,3.0,3.6
1591,2026-03-07,Auxerre,Strasbourg,0,0,D,1591,0.2910285371147003,0.2743310786980994,0.43464038418720036,1.1237703602521645,1.429046368475979,-0.04522714938448024,3.6,3.3,2.1
1592,2026-03-08,Lille,Lorient,1,1,D,1592,0.6048629524027274,0.22646404451862226,0.1686730030786504,1.918562185003989,0.9120314692442594,-0.04522714938448024,1.55,4.1,6.0
1593,2026-03-08,Nice,Rennes,0,4,A,1593,0.39392791967051805,0.2737780582510817,0.33229402207840025,1.3722922713668153,1.2403776997913616,-0.04522714938448024,2.88,3.5,2.35
1594,2026-03-08,Lens,Metz,3,0,H,1594,0.7255406032002011,0.18328646906407584,0.09117292773572315,2.191420128235283,0.6443839601460891,-0.04522714938448024,1.27,5.75,11.0
1595,2026-03-08,Brest,Le Havre,2,0,H,1595,0.52676826764534,0.25635308125104067,0.2168786511036192,1.6368854868390497,0.962688988345776,-0.0422909161756188,1.91,3.5,4.1
1596,2026-03-08,Lyon,Paris FC,1,1,D,1596,0.6304063557567879,0.20279167419302233,0.1668019700501898,2.205121546918925,1.0564690657309987,-0.0422909161756188,1.67,3.8,5.25
1597,2026-03-13,Marseille,Auxerre,1,0,H,1597,0.6730439046883278,0.19917164922907488,0.1277844460825975,2.1389131311224148,0.8205616798609142,-0.0422909161756188,1.42,5.0,6.5
1598,2026-03-14,Angers,Nice,0,2,A,1598,0.2212946706993191,0.2815070425388712,0.4971982867618097,0.8560781044213548,1.4202910369885586,-0.0422909161756188,2.9,3.3,2.5
1599,2026-03-14,Monaco,Brest,2,0,H,1599,0.5669533671930137,0.2223176632971021,0.21072896950988423,2.011502823836634,1.158345635701872,-0.0422909161756188,1.67,4.2,4.5
1600,2026-03-14,Lorient,Lens,2,1,H,1600,0.22551929718841987,0.2573872532097824,0.5170934496017977,0.9915855083713233,1.6264713748800796,-0.0422909161756188,4.2,3.7,1.85
1601,2026-03-15,Le Havre,Lyon,0,0,D,1601,0.2488864912548858,0.25240801807612673,0.49870549066898756,1.1133450648209415,1.669659630699937,-0.0422909161756188,3.75,3.4,2.0
1602,2026-03-15,Metz,Toulouse,3,4,A,1602,0.23834800043294857,0.26456857609820983,0.49708342346884166,1.0002930559619445,1.5556870554283782,-0.0422909161756188,4.0,3.4,1.95
1603,2026-03-15,Strasbourg,Paris FC,0,0,D,1603,0.5661179072355745,0.23172120421627831,0.20216088854814715,1.8894930462983184,1.046673566356994,-0.0422909161756188,1.75,3.7,4.75
1604,2026-03-15,Rennes,Lille,1,2,A,1604,0.45398142475039716,0.2588976968812512,0.28712087836835165,1.5746695876346941,1.2058541982685287,-0.0422909161756188,2.2,3.4,3.25
