match_idx,Date,HomeTeam,AwayTeam,FTHG,FTAG,actual,train_size,p_home,p_draw,p_away,lambda_home,lambda_away,B365H,B365D,B365A
1158,2025-03-29,Ein Frankfurt,Stuttgart,1,0,H,1158,0.47391601164602565,0.23195967320028113,0.2941214051759119,1.7726934729465864,1.3534887844075447,2.5,3.8,2.5
1159,2025-03-30,Dortmund,Mainz,3,1,H,1159,0.605527224624641,0.1995963879379175,0.1948569960217829,2.194427300523746,1.1731754971289536,1.62,3.9,5.0
1160,2025-03-30,Freiburg,Union Berlin,1,2,A,1160,0.4808311224404117,0.2648456103126022,0.2543228503641911,1.4541209061972367,0.979679960181043,2.0,3.5,3.7
1161,2025-04-04,Augsburg,Bayern Munich,1,3,A,1161,0.1400919211689038,0.16950064573029153,0.690340519773886,1.064512090259351,2.523568440608949,7.5,4.75,1.42
1162,2025-04-05,Bochum,Stuttgart,0,4,A,1162,0.2813160970638302,0.23525487305668444,0.48342663313216905,1.2762954559940178,1.7408712832298818,3.1,3.7,2.15
1163,2025-04-05,Freiburg,Dortmund,1,4,A,1163,0.3385610778678825,0.2289359334897189,0.4324997629682462,1.5367121963885053,1.7599755617321662,3.1,3.5,2.2
1164,2025-04-05,Heidenheim,Leverkusen,0,1,A,1164,0.20644604944932193,0.20687263066822387,0.5866680785540902,1.1750340541490019,2.1036670483072766,6.5,4.75,1.44
1165,2025-04-05,Mainz,Holstein Kiel,1,1,D,1165,0.6768030167897539,0.17218137439194903,0.1509479720773665,2.526614380814056,1.1297186896590339,1.45,4.5,7.0
1166,2025-04-05,RB Leipzig,Hoffenheim,3,1,H,1166,0.6930762694230171,0.16877622451913651,0.138079877583054,2.5266520019176593,1.0542704287214983,1.55,4.2,5.5
1167,2025-04-05,Werder Bremen,Ein Frankfurt,2,0,H,1167,0.38644494908379107,0.23544068272876828,0.37811248314739365,1.5954925722544573,1.5760678022111763,2.63,3.5,2.5
1168,2025-04-06,Union Berlin,Wolfsburg,1,0,H,1168,0.4196466876514642,0.27004268432244777,0.31031040254673886,1.3472661379661968,1.1187052158169313,2.45,3.3,2.88
1169,2025-04-06,St Pauli,M'gladbach,1,1,D,1169,0.3487707304974438,0.3019736370882685,0.34925560368617026,1.0356438220301398,1.0365832088166576,2.5,3.3,2.75
1170,2025-04-11,Wolfsburg,RB Leipzig,2,3,A,1170,0.2850441144145841,0.2406587682385918,0.4742954556613393,1.2453794553369404,1.6735338377594005,2.88,3.75,2.3
1171,2025-04-12,Bochum,Augsburg,1,2,A,1171,0.37473009269583324,0.2579617518660991,0.36730775260131976,1.3599400017156762,1.3438251608214347,2.5,3.4,2.8
1172,2025-04-12,Hoffenheim,Mainz,2,0,H,1172,0.4112322397118253,0.23949953552113795,0.34926675775050675,1.6026331862147902,1.4603175116898175,2.7,3.5,2.55
1173,2025-04-12,Holstein Kiel,St Pauli,1,2,A,1173,0.38052900156061664,0.2831725357552016,0.3362983748498141,1.1958500782835233,1.106249631913801,3.25,3.3,2.25
1174,2025-04-12,Leverkusen,Union Berlin,0,0,D,1174,0.675702656727303,0.19190685006522576,0.13237536053283352,2.135680331850437,0.8228816406145707,1.33,4.75,9.5
1175,2025-04-12,M'gladbach,Freiburg,1,2,A,1175,0.4381295489063294,0.23571584025823128,0.3261525633169794,1.687862282077929,1.4282263535128275,2.15,3.6,3.25
1176,2025-04-12,Bayern Munich,Dortmund,2,2,D,1176,0.6621118711599434,0.1628308441649619,0.1748672053921847,2.8490127245376073,1.4631483534726428,1.44,5.25,6.0
1177,2025-04-13,Stuttgart,Werder Bremen,1,2,A,1177,0.5518286523733116,0.21256506188364954,0.235595745806961,2.0500526726738935,1.2800094430320648,1.65,4.33,4.5
1178,2025-04-13,Ein Frankfurt,Heidenheim,3,0,H,1178,0.5702491917487149,0.21871076043150015,0.21103358784816312,1.9452850318172596,1.1001497854643019,1.73,4.2,4.2
1179,2025-04-19,Werder Bremen,Bochum,1,0,H,1179,0.5977965144938131,0.20679002127922408,0.19540111895773118,2.087879004672415,1.1121107441600846,1.73,4.1,4.33
1180,2025-04-19,RB Leipzig,Holstein Kiel,1,1,D,1180,0.8254386541814729,0.10521252385304343,0.0685827162084303,3.3762458217748237,0.961730338946703,1.33,5.75,7.5
1181,2025-04-19,Union Berlin,Stuttgart,4,4,D,1181,0.389303955446738,0.26606181978636156,0.3446339770959042,1.326488052402275,1.2317882597330858,2.8,3.4,2.45
1182,2025-04-19,Heidenheim,Bayern Munich,0,4,A,1182,0.14278270228736495,0.16506778797686225,0.6920552696594577,1.1358872353338076,2.6250142114338715,9.0,6.0,1.29
1183,2025-04-19,Mainz,Wolfsburg,2,2,D,1183,0.47245240593321336,0.2497281807725185,0.2778184643281975,1.579756531696191,1.1520442251417127,2.0,3.6,3.6
1184,2025-04-19,Freiburg,Hoffenheim,3,2,H,1184,0.5148630921576529,0.2229655272920671,0.2621658427431772,1.9085424334825847,1.307712675946835,1.91,3.7,3.75
1185,2025-04-20,Augsburg,Ein Frankfurt,0,0,D,1185,0.34118071188813903,0.25230688647482874,0.4065117826472037,1.3256094622300603,1.469670397111234,2.55,3.3,2.75
1186,2025-04-20,Dortmund,M'gladbach,3,2,H,1186,0.6817201907500057,0.16245385822673092,0.15568358136614505,2.7540841158246026,1.2879989201242852,1.42,5.25,6.5
1187,2025-04-20,St Pauli,Leverkusen,1,1,D,1187,0.19851254612231145,0.27603197121166995,0.5254552139623405,0.7384525124048696,1.3923973138070609,5.25,3.8,1.67
1188,2025-04-25,Stuttgart,Heidenheim,0,1,A,1188,0.590206344612535,0.20882127928851518,0.20096107884769468,2.067545805247931,1.126722496158395,1.48,5.0,5.75
1189,2025-04-26,Ein Frankfurt,RB Leipzig,4,0,H,1189,0.32759007950570973,0.24411529021434927,0.4282934957845781,1.355991552691138,1.5833373505844914,2.15,3.8,3.0
1190,2025-04-26,Leverkusen,Augsburg,2,0,H,1190,0.7407341932208296,0.15676346579323233,0.10243451086278335,2.5275803876588845,0.8360981871094343,1.36,5.0,8.5
1191,2025-04-26,Wolfsburg,Freiburg,0,1,A,1191,0.43295081292945226,0.2489223968206954,0.3181259412612688,1.542957513568607,1.287881706597671,2.35,3.5,2.88
1192,2025-04-26,Hoffenheim,Dortmund,2,3,A,1192,0.28417156677355826,0.2017657208605383,0.5140372406985154,1.6525747701303475,2.248497663626175,4.1,4.33,1.73
1193,2025-04-26,Bayern Munich,Mainz,3,0,H,1193,0.7560179468728931,0.14302692078870693,0.10079728507831186,2.7879476899389153,0.9481181658392206,1.22,7.0,11.0
1194,2025-04-26,Holstein Kiel,M'gladbach,4,3,H,1194,0.3367946175233545,0.2082993971044769,0.4548904715415014,1.7894691366191178,2.0923245502592343,3.1,3.8,2.15
1195,2025-04-27,Bochum,Union Berlin,1,1,D,1195,0.31210307966448547,0.27202337125184073,0.4158733518175391,1.1115691778297612,1.3274158220212258,2.25,3.4,3.1
1196,2025-04-27,Werder Bremen,St Pauli,0,0,D,1196,0.4506201872127204,0.29532751138519786,0.25405222500345237,1.222332659504427,0.8395921568862158,1.85,3.6,4.0
1197,2025-05-02,Heidenheim,Bochum,0,0,D,1197,0.5308488063379302,0.23286666765725514,0.23628163888229575,1.7830015933696484,1.1119247200600124,2.25,3.6,3.1
1198,2025-05-03,Dortmund,Wolfsburg,4,0,H,1198,0.6535926753612911,0.1794126762548307,0.16694133850941978,2.4587276483450946,1.182054172189093,1.33,5.75,7.5
1199,2025-05-03,M'gladbach,Hoffenheim,4,4,D,1199,0.49846960060307655,0.20989571149381248,0.2916206810552505,2.10194237736699,1.5809716630170276,2.1,4.0,3.0
1200,2025-05-03,RB Leipzig,Bayern Munich,3,3,D,1200,0.33827507286607783,0.22102756670475007,0.4406915523210664,1.6263027582416727,1.8766305106036822,4.5,4.33,1.62
1201,2025-05-03,St Pauli,Stuttgart,0,1,A,1201,0.32290175644739477,0.31320705514875397,0.3638911719490753,0.934907310469943,1.012335771270043,2.62,3.5,2.55
1202,2025-05-03,Union Berlin,Werder Bremen,2,2,D,1202,0.45786051697782737,0.25580871511638353,0.28633014275255597,1.5099827659166012,1.1387733822378447,2.7,3.4,2.55
1203,2025-05-04,Mainz,Ein Frankfurt,1,1,D,1203,0.41867916495584206,0.2539498044691996,0.3273704467886076,1.4753693854707464,1.2752916901654114,2.35,3.5,2.9
1204,2025-05-04,Freiburg,Leverkusen,2,2,D,1204,0.275422106244962,0.23373425478662543,0.49084095820240115,1.2666142468681483,1.763297735801433,3.2,3.4,2.25
1205,2025-05-04,Augsburg,Holstein Kiel,1,3,A,1205,0.5388637309625499,0.20989863336805908,0.25122440001579704,2.099893380548056,1.387216295680384,1.83,3.9,4.0
1206,2025-05-09,Wolfsburg,Hoffenheim,2,2,D,1206,0.4950305101176512,0.22322756249829676,0.2817365126702863,1.8992138632330107,1.3889505075409838,2.2,3.6,2.9
1207,2025-05-10,Bochum,Mainz,1,4,A,1207,0.2864575627661653,0.25483256830273515,0.45870920456224595,1.1457449440073557,1.519556952463389,2.9,3.6,2.3
1208,2025-05-10,Holstein Kiel,Freiburg,1,2,A,1208,0.32869060219185636,0.2176649390246791,0.45363684896049467,1.6340856826527899,1.9427527091946555,3.1,3.75,2.15
1209,2025-05-10,Union Berlin,Heidenheim,0,3,A,1209,0.49269068630858043,0.26093574800539737,0.24637302805929728,1.493740070410053,0.9737467777901414,2.25,3.3,3.3
1210,2025-05-10,Werder Bremen,RB Leipzig,0,0,D,1210,0.2688883673043101,0.22613110301607242,0.5049760519236461,1.307341788366163,1.864141892731955,2.35,3.7,2.8
1211,2025-05-10,Bayern Munich,M'gladbach,2,0,H,1211,0.8198542614468918,0.10468228235129105,0.07441929734038538,3.510672259417438,1.079764342816358,1.17,9.5,11.0
1212,2025-05-11,Leverkusen,Dortmund,2,4,A,1212,0.5399045802088297,0.20313070086836071,0.2569430848879194,2.2157296980558363,1.494649777565209,2.7,3.9,2.35
1213,2025-05-11,Ein Frankfurt,St Pauli,2,2,D,1213,0.5078597852243546,0.29721421020050326,0.19492590774827684,1.2546962974627733,0.6575215846267948,1.53,4.33,5.75
1214,2025-05-11,Stuttgart,Augsburg,4,0,H,1214,0.5757413494958427,0.2196338090752219,0.2046189140932807,1.9274820955623282,1.060222392766379,1.55,4.33,5.75
1215,2025-05-17,St Pauli,Bochum,0,2,A,1215,0.4561976548546802,0.31709490480819635,0.22670740958980148,1.1170227775836692,0.6923770980011447,1.67,4.2,4.5
1216,2025-05-17,RB Leipzig,Stuttgart,2,3,A,1216,0.6039327961056274,0.20344248126511338,0.1926098145533085,2.1316710441756093,1.1244919510017963,2.0,4.2,3.2
1217,2025-05-17,M'gladbach,Wolfsburg,0,1,A,1217,0.4639712558336458,0.22806096663662445,0.3079640771318569,1.811920349258782,1.4421295534961005,2.2,4.2,2.8
1218,2025-05-17,Mainz,Leverkusen,2,2,D,1218,0.2790510447515401,0.23775460477550486,0.4831923081227544,1.246960906782601,1.7122080287360375,2.15,3.9,3.0
1219,2025-05-17,Augsburg,Union Berlin,1,2,A,1219,0.3758786277071343,0.2800015683058717,0.34411970019035865,1.2067531762685788,1.1418769707566816,2.1,3.5,3.4
1220,2025-05-17,Heidenheim,Werder Bremen,1,4,A,1220,0.41658523654924695,0.243712210352463,0.33970143287776894,1.5685963760681547,1.3945469010337916,2.3,3.8,2.75
1221,2025-05-17,Freiburg,Ein Frankfurt,1,3,A,1221,0.42509886970639604,0.2483317226351433,0.3265685536526281,1.537035968217479,1.31749820054215,2.35,3.7,2.8
1222,2025-05-17,Dortmund,Holstein Kiel,3,0,H,1222,0.8157382809031077,0.10212913570270213,0.08044136465692639,3.7352337446562665,1.24837510109872,1.09,12.0,19.0
1223,2025-05-17,Hoffenheim,Bayern Munich,0,4,A,1223,0.1595272302236641,0.15971261825787017,0.6805749981693512,1.362895036267312,2.840545533026246,5.0,5.25,1.5
1224,2025-08-22,Bayern Munich,RB Leipzig,6,0,H,1224,0.624119400658226,0.18634119600196772,0.18949528926946752,2.4060325078188707,1.2739225701652188,1.22,7.0,9.0
1225,2025-08-23,Union Berlin,Stuttgart,2,1,H,1225,0.37778578587159906,0.2617730494109673,0.36044084872084914,1.3364416951995375,1.2992013033755017,3.4,3.7,2.05
1226,2025-08-23,St Pauli,Dortmund,3,3,D,1226,0.2175568621882435,0.26677482053633167,0.515667898549526,0.8431937377781769,1.4571204728046387,4.5,3.9,1.75
1227,2025-08-23,Leverkusen,Hoffenheim,1,2,A,1227,0.7277703966190334,0.1497644845812997,0.12229119694143964,2.8199527372322137,1.1110393800275138,1.53,4.75,5.25
1228,2025-08-23,Freiburg,Augsburg,1,3,A,1228,0.5488074778268284,0.23504176016076797,0.21614829934718072,1.7541552441945616,1.0082684698880855,1.85,3.6,4.33
1229,2025-08-23,Ein Frankfurt,Werder Bremen,4,1,H,1229,0.5417462458524984,0.21989072639819154,0.23835645380840176,1.9473453740449376,1.2259800392828357,1.7,4.1,4.5
1230,2025-08-23,Heidenheim,Wolfsburg,1,3,A,1230,0.3808636035447315,0.2525546476293039,0.3665811719022679,1.4178271171160224,1.3863142935110107,3.2,3.5,2.2
1231,2025-08-24,Mainz,FC Koln,0,1,A,1231,0.519568224602627,0.24771681790101316,0.2327137709075025,1.6233292831720856,0.9986578981425541,1.9,3.7,4.0
1234,2025-08-30,Hoffenheim,Ein Frankfurt,1,3,A,1234,0.3854687755676658,0.22894948383321165,0.38557871617780215,1.6665936640963355,1.6668557984864694,2.88,3.75,2.25
1235,2025-08-30,RB Leipzig,Heidenheim,2,0,H,1235,0.6918165182683335,0.17791472018965332,0.13023561094617558,2.330384053134076,0.9072676346449424,1.44,5.0,6.25
1236,2025-08-30,Stuttgart,M'gladbach,1,0,H,1236,0.5372521749133312,0.2107001646216667,0.2520351092563251,2.087591225736879,1.3827064553146622,1.6,4.5,4.75
1237,2025-08-30,Werder Bremen,Leverkusen,3,3,D,1237,0.2448442171605238,0.2137252169763467,0.5414205339683337,1.315501903845731,2.0380753371094844,3.7,3.8,1.91
1238,2025-08-30,Augsburg,Bayern Munich,2,3,A,1238,0.12501058198160558,0.1609329437756306,0.7139693327153608,1.0142999971774649,2.601436128062725,9.0,6.5,1.27
1239,2025-08-31,FC Koln,Freiburg,4,1,H,1239,0.3723563009676434,0.26250999619644705,0.36513340268267236,1.3195990466155185,1.3041226377857464,2.55,3.3,2.8
1240,2025-08-31,Wolfsburg,Mainz,1,1,D,1240,0.421201361566488,0.2562142836588045,0.32258384169604293,1.4594872741475855,1.2449450967326698,2.0,3.6,3.5
1241,2025-08-31,Dortmund,Union Berlin,3,0,H,1241,0.6459909404985293,0.19342200038009288,0.1605669044661968,2.2043431880173157,1.00454239134545,1.4,5.25,6.5
1242,2025-09-12,Leverkusen,Ein Frankfurt,3,1,H,1242,0.6123124833231663,0.19849023270132796,0.1891774620994972,2.1999091928617216,1.1479222823008948,2.1,3.8,3.2
1243,2025-09-13,Freiburg,Stuttgart,3,1,H,1243,0.4258328535793251,0.2422830998861976,0.3318827778335791,1.5982648223202764,1.3848159590555402,2.9,3.6,2.35
1244,2025-09-13,Heidenheim,Dortmund,0,2,A,1244,0.22163971527125614,0.20285149824772913,0.5754898969457709,1.3015146223528156,2.1868966868266546,5.5,4.5,1.55
1245,2025-09-13,Mainz,RB Leipzig,0,1,A,1245,0.3153282668897402,0.25088926936858846,0.4337817103071634,1.2641127867501125,1.525590219381994,2.55,3.6,2.63
1246,2025-09-13,Union Berlin,Hoffenheim,2,4,A,1246,0.4567458853766533,0.24500496963924495,0.2982479511307706,1.6112716611169082,1.2562998737002495,2.6,3.4,2.7
1247,2025-09-13,Wolfsburg,FC Koln,3,3,D,1247,0.49577911781450434,0.24755735134957457,0.256662375201096,1.6166731291178975,1.0911951789359078,1.95,3.5,3.9
1248,2025-09-13,Bayern Munich,Hamburg,5,0,H,1248,0.9101640760561376,0.08979123329464418,3.858958441677639e-11,2.4102679338269284,4.2977006788448487e-10,1.06,12.0,26.0
1249,2025-09-14,St Pauli,Augsburg,2,1,H,1249,0.4098657089691499,0.3123739048151497,0.27776036144807414,1.086413483537751,0.8373983668271316,2.2,3.4,3.3
1250,2025-09-14,M'gladbach,Werder Bremen,0,4,A,1250,0.4779778147298912,0.22050380408377845,0.3015119536770798,1.9265704911562216,1.4978278700810606,1.95,3.9,3.4
1251,2025-09-19,Stuttgart,St Pauli,2,0,H,1251,0.5148165029911254,0.2733873934363423,0.2117958041934995,1.4077301163177125,0.7948519152932407,1.75,4.1,4.2
1252,2025-09-20,Augsburg,Mainz,1,4,A,1252,0.3463588514189945,0.26573368898637645,0.3879072079196365,1.2381515376730163,1.326321828867944,2.7,3.4,2.6
1253,2025-09-20,Hamburg,Heidenheim,2,1,H,1253,3.3984941845402805e-10,0.42386726967710897,0.5761327278532553,8.017826398665222e-10,0.8583349158592154,2.05,3.6,3.5
1254,2025-09-20,Hoffenheim,Bayern Munich,1,4,A,1254,0.15325760587001952,0.1563165258073743,0.6902147568289299,1.3496670569209168,2.885164182764938,7.0,6.0,1.33
1255,2025-09-20,Werder Bremen,Freiburg,0,3,A,1255,0.4195756032287792,0.23957752403134863,0.3408453812045874,1.6164506526158113,1.4358281500402847,2.38,3.6,2.8
1256,2025-09-20,RB Leipzig,FC Koln,3,1,H,1256,0.6571745691510231,0.19539902197811104,0.14741119766515143,2.136866530557562,0.9011005392893399,1.65,4.33,4.5
1257,2025-09-21,Ein Frankfurt,Union Berlin,3,4,A,1257,0.5220065247961148,0.24652671856247677,0.2314654838977016,1.6353879763518417,1.0008856125873593,1.57,4.33,5.5
1258,2025-09-21,Leverkusen,M'gladbach,1,1,D,1258,0.7117074077852377,0.1583913166060796,0.12978712605794873,2.684120285875319,1.0875881077896572,1.57,5.0,4.5
1259,2025-09-21,Dortmund,Wolfsburg,1,0,H,1259,0.6583990095179473,0.1779531695765273,0.16359178446684167,2.4727705185547304,1.1714194546167258,1.5,5.0,5.5
1260,2025-09-26,Bayern Munich,Werder Bremen,4,0,H,1260,0.8214604964135908,0.10631297503873981,0.07142681103557087,3.394459556900739,0.9969297814247211,1.09,11.0,21.0
1261,2025-09-27,M'gladbach,Ein Frankfurt,4,6,A,1261,0.3797313107506133,0.23190256267844647,0.388363690637316,1.6187657860793476,1.6391355934985175,3.1,3.6,2.2
1262,2025-09-27,Wolfsburg,RB Leipzig,0,1,A,1262,0.29163981453528565,0.2400105582268616,0.46834792654884666,1.2740967708994,1.67536343238413,2.55,3.6,2.6
1263,2025-09-27,St Pauli,Leverkusen,1,2,A,1263,0.20540095433101357,0.26642715435670816,0.5281714569931995,0.8007609720378566,1.4629152546081374,3.1,3.6,2.2
1264,2025-09-27,Mainz,Dortmund,0,2,A,1264,0.3149461089998731,0.22990975614321552,0.45514094432955843,1.4482141665601334,1.778951974276394,3.2,3.7,2.1
1265,2025-09-27,Heidenheim,Augsburg,2,1,H,1265,0.43422691926384943,0.2554114829104039,0.3103610254266369,1.4852667054442525,1.21565165062359,2.7,3.5,2.5
1266,2025-09-28,Freiburg,Hoffenheim,1,1,D,1266,0.5121473202304268,0.21975224070269594,0.26809353997715585,1.9531446080790609,1.3650877408166036,2.25,3.4,3.1
1267,2025-09-28,FC Koln,Stuttgart,1,2,A,1267,0.3583605025981833,0.24850581165603888,0.393132918153573,1.401443096190636,1.479101384688531,2.9,3.5,2.35
1268,2025-09-28,Union Berlin,Hamburg,0,0,D,1268,0.6755244059799381,0.23245838286570367,0.09201593958209096,1.6366041497683734,0.4261531836505554,1.95,3.4,4.0
1269,2025-10-03,Hoffenheim,FC Koln,0,1,A,1269,0.48857036218586714,0.22831534693618105,0.2831104795726663,1.8285518561674994,1.345216664655787,1.91,3.7,3.75
1270,2025-10-04,Augsburg,Wolfsburg,3,1,H,1270,0.3655600969806909,0.2569702130799911,0.3774692595284459,1.3477872199403538,1.3737185090969675,2.75,3.5,2.45
1271,2025-10-04,Dortmund,RB Leipzig,1,1,D,1271,0.47734993482273436,0.21959191114241333,0.30305130188633816,1.9391413290891317,1.5141042894608905,1.7,4.5,4.2
1272,2025-10-04,Leverkusen,Union Berlin,2,0,H,1272,0.6648482560874498,0.19361303656291826,0.1415230955971119,2.143015037349048,0.8739584812571941,1.7,4.0,4.75
1273,2025-10-04,Ein Frankfurt,Bayern Munich,0,3,A,1273,0.2143419694826939,0.1927143534291341,0.5929078485766912,1.369204910051431,2.3491760020198287,6.25,5.25,1.42
1274,2025-10-04,Werder Bremen,St Pauli,1,0,H,1274,0.46211691095080293,0.2829382170537794,0.25494472262716816,1.3085270591161615,0.8935019380183719,2.35,3.7,2.88
1275,2025-10-05,M'gladbach,Freiburg,0,0,D,1275,0.4160653396145309,0.23558922052303974,0.34834349585464225,1.6538798320673618,1.4963402608974283,2.25,3.6,3.0
1276,2025-10-05,Stuttgart,Heidenheim,1,0,H,1276,0.5952489457367822,0.21027441431122146,0.19446675590677584,2.0377315121091524,1.0780200259672308,1.42,4.75,7.0
1277,2025-10-05,Hamburg,Mainz,4,0,H,1277,0.13066048228168387,0.25998283298634034,0.6093561668010246,0.5303798400213932,1.4901886767552932,2.8,3.5,2.4
1278,2025-10-17,Union Berlin,M'gladbach,3,1,H,1278,0.44375421557428363,0.2496135112066597,0.30663142198256055,1.550777850256363,1.2473925049599832,2.2,3.4,3.2
1279,2025-10-18,FC Koln,Augsburg,1,1,D,1279,0.4728013795194291,0.25350804722723214,0.2736898123480008,1.544657748184333,1.1122903373285176,1.95,3.9,3.5
1280,2025-10-18,Heidenheim,Werder Bremen,2,2,D,1280,0.3871185760720445,0.24401246697473974,0.3688679242410481,1.509181460707247,1.4678258550841736,2.88,3.5,2.35
1281,2025-10-18,Mainz,Leverkusen,3,4,A,1281,0.27524567167164904,0.23674859366518794,0.48800353513692385,1.2408258019338219,1.7266862041506723,2.8,3.4,2.45
1282,2025-10-18,RB Leipzig,Hamburg,2,1,H,1282,0.6245246991558262,0.22479912206723132,0.1506730467664331,1.8004618481925103,0.7492266087816187,1.44,4.75,6.5
1283,2025-10-18,Wolfsburg,Stuttgart,0,3,A,1283,0.4005722646938736,0.24284897640271647,0.356577618930372,1.548089048106874,1.4480792699465865,2.63,3.6,2.5
1284,2025-10-18,Bayern Munich,Dortmund,2,1,H,1284,0.6588928439260603,0.16512827353749177,0.17581576455300568,2.798022947055572,1.4373118673845655,1.33,5.5,7.5
1285,2025-10-19,St Pauli,Hoffenheim,0,3,A,1285,0.3783980324011703,0.2851819715281236,0.3364199182835494,1.1800158614377463,1.0954021795263928,2.5,3.4,2.8
1286,2025-10-19,Freiburg,Ein Frankfurt,2,2,D,1286,0.4151708392385371,0.2443115706298541,0.34051651826062057,1.5601835030333968,1.3914854031022543,2.5,3.5,2.7
1287,2025-10-24,Werder Bremen,Union Berlin,1,0,H,1287,0.4454099948818564,0.2540175568326539,0.3005717921511679,1.5120325703632382,1.196045890608186,2.25,3.6,2.9
1288,2025-10-25,Augsburg,RB Leipzig,0,6,A,1288,0.2243807167013807,0.23000055688552684,0.5456153441146787,1.079790184674154,1.8140866673024951,3.2,3.9,2.05
1289,2025-10-25,Ein Frankfurt,St Pauli,2,0,H,1289,0.5479544482038763,0.2647869226996047,0.1872581538103203,1.4768400442946854,0.7397006411683537,1.67,4.2,4.5
1290,2025-10-25,Hamburg,Wolfsburg,0,1,A,1290,0.3931215047329302,0.2800739151253817,0.3268044695090395,1.237010905421895,1.101699052044839,2.35,3.5,2.9
1291,2025-10-25,Hoffenheim,Heidenheim,3,1,H,1291,0.5342563886636755,0.21764435364010568,0.2480914807265137,1.9820464495411896,1.2932689886957138,1.57,4.5,5.25
1292,2025-10-25,M'gladbach,Bayern Munich,0,3,A,1292,0.14512958559473185,0.15680237224568,0.6978936929506581,1.2603135277613597,2.820632225096341,10.0,6.5,1.22
1293,2025-10-25,Dortmund,FC Koln,1,0,H,1293,0.6931680852166195,0.17085075316933163,0.13592427737309895,2.4771953174523604,1.015340031114375,1.44,5.25,6.5
1294,2025-10-26,Leverkusen,Freiburg,2,0,H,1294,0.6472152797111685,0.19042986626243055,0.16233009770278223,2.2553278667007643,1.0417549859840562,1.83,3.9,4.0
1295,2025-10-26,Stuttgart,Mainz,2,1,H,1295,0.4854183553988016,0.23929792046562626,0.2752818612975197,1.6965742478581924,1.220487069355552,1.75,4.0,4.33
1296,2025-10-31,Augsburg,Dortmund,0,1,A,1296,0.2166766171275415,0.20661940119457317,0.5766896701535353,1.2354533899768592,2.121258872976269,5.0,4.5,1.57
1297,2025-11-01,Heidenheim,Ein Frankfurt,1,1,D,1297,0.3099603993294371,0.2419603221959174,0.4480778763511257,1.3197317842234741,1.632731590183515,3.6,4.0,1.9
1298,2025-11-01,Mainz,Werder Bremen,1,1,D,1298,0.48888340254636126,0.23655674106452335,0.2745576260522178,1.729399636798536,1.2397678323674843,1.95,3.9,3.5
1299,2025-11-01,RB Leipzig,Stuttgart,3,1,H,1299,0.5843109553921667,0.20976519149765524,0.2059128703747124,2.061017587879463,1.1464358610226766,1.95,3.9,3.5
1300,2025-11-01,St Pauli,M'gladbach,0,4,A,1300,0.3463613015850045,0.29172983329627483,0.3619088136800993,1.081686965471146,1.1125388832820877,2.15,3.5,3.3
1301,2025-11-01,Union Berlin,Freiburg,0,0,D,1301,0.3933233538558549,0.27188254916955235,0.3347939197388158,1.2918844365158337,1.1698237178217854,2.5,3.3,2.75
1302,2025-11-01,Bayern Munich,Leverkusen,3,0,H,1302,0.6119408570570997,0.18539778054860978,0.20260762579246222,2.4599739595790484,1.3781413560733624,1.22,7.0,9.5
1303,2025-11-02,FC Koln,Hamburg,4,1,H,1303,0.45028006077458027,0.2956735860662826,0.25404627816773306,1.2200314145541047,0.8382335894487873,2.1,3.7,3.2
1304,2025-11-02,Wolfsburg,Hoffenheim,2,3,A,1304,0.4733478586310397,0.2258389897979217,0.300808755882373,1.8496162146921402,1.4382435411303434,2.75,3.9,2.3
1305,2025-11-07,Werder Bremen,Wolfsburg,2,1,H,1305,0.44289182640249264,0.23834585141068051,0.3187605789013337,1.6650011792860417,1.379990414111962,2.15,3.6,3.1
1306,2025-11-08,M'gladbach,FC Koln,3,1,H,1306,0.4760517118989645,0.23664725354976715,0.2872988804495801,1.719399045064202,1.2867128210164438,2.2,3.6,3.1
1307,2025-11-08,Union Berlin,Bayern Munich,2,2,D,1307,0.15480587124968853,0.19052437640881506,0.6546473804872248,0.9884758171097062,2.2300828514955415,13.0,7.0,1.2
1308,2025-11-08,Hamburg,Dortmund,1,1,D,1308,0.16264976876929144,0.20335980862325861,0.6339790293815708,0.9424355961670384,2.0700205020318903,4.33,4.2,1.7
1309,2025-11-08,Hoffenheim,RB Leipzig,3,1,H,1309,0.2704955126606787,0.21599716567412172,0.5134983676032996,1.414691178599727,2.008565558975423,2.6,3.9,2.4
1310,2025-11-08,Leverkusen,Heidenheim,6,0,H,1310,0.7490092272050723,0.15052019919740137,0.10037519571083538,2.6287717255535212,0.8696812153515704,1.4,5.0,6.5
1311,2025-11-09,Freiburg,St Pauli,2,1,H,1311,0.5332670960017654,0.2792607533002167,0.18747191761251542,1.3723313467399907,0.6886609754432679,1.83,3.5,4.5
1312,2025-11-09,Stuttgart,Augsburg,3,2,H,1312,0.593918104402583,0.21242570775645858,0.19364756862163857,2.0075703369165088,1.0565001662749929,1.55,4.33,5.75
1313,2025-11-09,Ein Frankfurt,Mainz,1,0,H,1313,0.49428758379289484,0.23831020640302086,0.2674001920927717,1.712666949242651,1.198327910667377,1.83,4.0,3.9
1314,2025-11-21,Mainz,Hoffenheim,1,1,D,1314,0.49336248440963726,0.2269996350567609,0.27963369321510734,1.8481159631723416,1.343665868188429,2.6,3.6,2.7
1315,2025-11-22,Wolfsburg,Leverkusen,1,3,A,1315,0.2505670223100745,0.22334716233281976,0.5260804587756607,1.252352304758409,1.9034942966573158,3.5,3.75,2.0
1316,2025-11-22,Heidenheim,M'gladbach,0,3,A,1316,0.38123866765494546,0.23834124728182388,0.38041855392677304,1.552911890062664,1.55101853226918,3.2,3.6,2.15
1317,2025-11-22,FC Koln,Ein Frankfurt,3,4,A,1317,0.34713097526970316,0.24947421257329117,0.4033940752613228,1.3645849379707147,1.4897789411002074,3.0,3.75,2.2
1318,2025-11-22,Bayern Munich,Freiburg,6,2,H,1318,0.7759110733784003,0.13324804171718838,0.09061433681975284,2.909813309450413,0.9323891893204171,1.17,8.0,13.0
1319,2025-11-22,Augsburg,Hamburg,1,0,H,1319,0.4682365406824643,0.2753012859356654,0.2564619463710231,1.3656339705313398,0.9333657718412669,2.35,3.5,2.9
1320,2025-11-22,Dortmund,Stuttgart,3,3,D,1320,0.6101058389359999,0.19016082572480555,0.19969562887438602,2.3634481533193203,1.3017733672630716,1.75,4.0,4.33
1321,2025-11-23,RB Leipzig,Werder Bremen,2,0,H,1321,0.6577732370753694,0.1853690415306488,0.15682611466281812,2.317836894296707,1.0469537781309854,1.45,5.0,6.0
1322,2025-11-23,St Pauli,Union Berlin,0,1,A,1322,0.3041654889290666,0.33277709300383884,0.36305741164211947,0.8262205327174158,0.9330525407129507,2.45,3.3,2.9
1323,2025-11-28,M'gladbach,RB Leipzig,0,0,D,1323,0.2767159487050158,0.2218316073261206,0.5014464636127139,1.3818262021224614,1.9211288594298657,2.88,3.7,2.3
1324,2025-11-29,Werder Bremen,FC Koln,1,1,D,1324,0.4785074812145482,0.23818745919235898,0.28330309501196843,1.7039737831560484,1.2591558004154404,2.25,3.8,2.9
1325,2025-11-29,Union Berlin,Heidenheim,1,2,A,1325,0.5155694849267034,0.25434535626066695,0.23008434593225657,1.5604928812722163,0.950620528451208,1.67,4.0,5.0
1326,2025-11-29,Leverkusen,Dortmund,1,2,A,1326,0.5129293482816355,0.20870371798190795,0.27835178777626113,2.12502693530944,1.5343774006353847,2.55,3.6,2.63
1327,2025-11-29,Bayern Munich,St Pauli,3,1,H,1327,0.8236853212874723,0.12375234623799886,0.052458115888957234,2.6559262228130853,0.5328748724108213,1.1,10.0,21.0
1328,2025-11-29,Hoffenheim,Augsburg,3,0,H,1328,0.5408839103721507,0.2168508805266771,0.24225711485858975,1.991338093824896,1.2725609193098235,1.67,4.33,4.5
1329,2025-11-30,Hamburg,Stuttgart,2,1,H,1329,0.24564328976931285,0.26630224624666693,0.4880540672336979,0.9429967161206273,1.4475586703733625,3.0,3.75,2.2
1330,2025-11-30,Ein Frankfurt,Wolfsburg,1,1,D,1330,0.532638046827929,0.2252092412105828,0.24214801190288385,1.8778560504797004,1.1980316913341171,1.73,4.2,4.2
1331,2025-11-30,Freiburg,Mainz,4,0,H,1331,0.4442197127896951,0.2553927277085312,0.3003869584535781,1.498301866947479,1.185756869957304,1.91,3.4,4.2
1332,2025-12-05,Mainz,M'gladbach,0,1,A,1332,0.48227049095605895,0.2348942841442579,0.28283277792015193,1.744261841304672,1.2850991434608474,2.55,3.4,2.63
1333,2025-12-06,Wolfsburg,Union Berlin,3,1,H,1333,0.44004708383774904,0.2662600567520998,0.29369254534170824,1.4031398476314976,1.0949101708064821,2.15,3.4,3.5
1334,2025-12-06,Augsburg,Leverkusen,2,0,H,1334,0.1891146534086045,0.2058810683940994,0.6049918226315649,1.0829211838180788,2.090048197364619,3.7,4.0,1.9
1335,2025-12-06,FC Koln,St Pauli,1,1,D,1335,0.4827949233370896,0.2954381731030712,0.2217668101652764,1.2496100834798651,0.7455053974686163,1.95,3.6,3.8
1336,2025-12-06,Heidenheim,Freiburg,2,1,H,1336,0.32775410192048104,0.25278533142308063,0.41945993673709747,1.2853430857928698,1.4869922540975633,3.9,3.6,1.91
1337,2025-12-06,Stuttgart,Bayern Munich,0,5,A,1337,0.2003642314043457,0.18628681425502222,0.6132995088440115,1.3514707320996493,2.4369383967302216,5.75,5.0,1.45
1338,2025-12-06,RB Leipzig,Ein Frankfurt,6,0,H,1338,0.5751460906294285,0.21336957641633994,0.21147530607655207,2.0171845435812,1.1459711966788024,1.73,4.2,4.2
1339,2025-12-07,Dortmund,Hoffenheim,2,0,H,1339,0.6927412110171549,0.15753099661305678,0.1495474441385155,2.8318759171162085,1.294888854878458,1.62,4.5,4.75
1340,2025-12-07,Hamburg,Werder Bremen,3,2,H,1340,0.33935547778438524,0.27528010085847243,0.3853642805063827,1.159462623104133,1.254582533474468,2.25,3.5,3.0
1341,2025-12-12,Union Berlin,RB Leipzig,3,1,H,1341,0.2632318562796654,0.25722512708448236,0.4795423856663966,1.0531967006797969,1.5167496603501691,3.2,3.5,2.2
1342,2025-12-13,Ein Frankfurt,Augsburg,1,0,H,1342,0.6016297801888515,0.21069430161329677,0.18766673659019567,2.0215417536501454,1.0363126158561922,1.7,4.2,4.33
1343,2025-12-13,Hoffenheim,Hamburg,4,1,H,1343,0.5510963570687777,0.2358530816448598,0.2130482273022648,1.7442926415408575,0.9892906656191197,1.7,4.33,4.2
1344,2025-12-13,M'gladbach,Wolfsburg,1,3,A,1344,0.4591992734807623,0.23221775239102646,0.3085802175049927,1.7553393308674023,1.4032272042113485,1.95,3.8,3.6
1345,2025-12-13,St Pauli,Heidenheim,2,1,H,1345,0.37723976510372603,0.30920146375969615,0.3135587493926822,1.0526926875855245,0.9314219401477624,1.95,3.4,4.0
1346,2025-12-13,Leverkusen,FC Koln,2,0,H,1346,0.7057998990382266,0.17024357160530895,0.12390937494348789,2.424946606178703,0.9181402487932842,1.55,4.33,5.25
1347,2025-12-14,Freiburg,Dortmund,1,1,D,1347,0.3058096031994887,0.2255307228037526,0.46865522366069806,1.4602709646893273,1.849437355590945,3.25,3.5,2.15
1348,2025-12-14,Bayern Munich,Mainz,2,2,D,1348,0.7873766055740221,0.12914509578582495,0.08324304303119341,2.9229317915496815,0.882261169806522,1.09,11.0,21.0
1349,2025-12-14,Werder Bremen,Stuttgart,0,4,A,1349,0.3935643306112838,0.23215966080158687,0.37427361155885946,1.6478744076418819,1.6023996491317178,2.9,3.8,2.25
1350,2025-12-19,Dortmund,M'gladbach,2,0,H,1350,0.6908139482093487,0.16185467134572812,0.14720401486376894,2.7185228673772386,1.215243445926559,1.55,4.5,5.5
1351,2025-12-20,RB Leipzig,Leverkusen,1,3,A,1351,0.4322857487321288,0.2339209193004235,0.3337910565122725,1.6998284679915985,1.469824486460921,2.1,3.8,3.2
1352,2025-12-20,Wolfsburg,Freiburg,3,4,A,1352,0.42174232895903296,0.25024029421300314,0.3280166303853276,1.5138502078488876,1.306180906541925,2.5,3.6,2.75
1353,2025-12-20,Stuttgart,Hoffenheim,0,0,D,1353,0.5345337124020291,0.20764437133557695,0.2578061667393987,2.1392616800516167,1.445753089474851,2.0,3.8,3.4
1354,2025-12-20,Augsburg,Werder Bremen,0,0,D,1354,0.3891068215333465,0.2470039124385762,0.36388842209236677,1.4848857180059456,1.428288060342969,2.25,3.5,3.1
1355,2025-12-20,FC Koln,Union Berlin,0,1,A,1355,0.40703389859591027,0.2752060663385458,0.3177598783258696,1.291724574824614,1.107442181041053,2.3,3.3,3.1
1356,2025-12-20,Hamburg,Ein Frankfurt,1,1,D,1356,0.28291855521942,0.24814397882745962,0.4689364356868512,1.1808220515163328,1.592040011691577,2.6,3.6,2.55
1357,2025-12-21,Mainz,St Pauli,0,0,D,1357,0.5172313862240356,0.28623916454752085,0.19652928606650275,1.3230902501650725,0.6964662379245967,1.95,3.4,4.1
1358,2025-12-21,Heidenheim,Bayern Munich,0,4,A,1358,0.10163982309631198,0.14005225907408275,0.7581098432746914,0.9909291428654106,2.8637162307003052,13.0,9.5,1.14
1359,2026-01-09,Ein Frankfurt,Dortmund,3,3,D,1359,0.33689997742946115,0.22212351783541007,0.440971141977031,1.608573358181436,1.8618822271068698,3.6,3.8,1.95
1360,2026-01-10,Heidenheim,FC Koln,2,2,D,1360,0.38942622813020134,0.25895432581539873,0.351619060256897,1.381699815046138,1.2998903101427308,2.9,3.5,2.38
1361,2026-01-10,Union Berlin,Mainz,2,2,D,1361,0.4031866683121398,0.27813582417873894,0.3186773773215384,1.2660408481136978,1.0928836898712342,2.15,3.25,3.7
1362,2026-01-10,Freiburg,Hamburg,2,1,H,1362,0.5742719308022782,0.23229096768500684,0.19343440524875494,1.7716715442891933,0.9211515151104364,1.8,3.6,4.5
1363,2026-01-10,Leverkusen,Stuttgart,1,4,A,1363,0.6356011988008211,0.18796651183035298,0.1763980301075935,2.338694153446083,1.163613684173803,1.95,4.1,3.4
1364,2026-01-11,Bayern Munich,Wolfsburg,8,1,H,1364,0.809620178972992,0.11498836437217773,0.07491556548707862,3.182863871700355,0.9317649529906138,1.11,11.0,17.0
1365,2026-01-11,M'gladbach,Augsburg,4,0,H,1365,0.5305279371094052,0.22608431812638086,0.24338329361831454,1.8667995769516605,1.1963486163220174,1.85,3.8,4.0
1366,2026-01-13,Stuttgart,Ein Frankfurt,3,2,H,1366,0.4589052265458703,0.22993052940629863,0.31116102749419683,1.782981538184882,1.4347388475713378,1.73,4.2,4.2
1367,2026-01-13,Dortmund,Werder Bremen,3,0,H,1367,0.6973794257458419,0.16263202414218964,0.1398834042144338,2.6585585488133026,1.136655618162284,1.4,5.0,7.0
1368,2026-01-13,Mainz,Heidenheim,2,1,H,1368,0.5584606325589061,0.23218354360276583,0.2093529601953524,1.782737086363124,0.9959975745042954,1.75,3.8,4.33
1369,2026-01-14,Wolfsburg,St Pauli,2,1,H,1369,0.507961706435847,0.2810576695431085,0.2109804215822489,1.352357279706562,0.7624058608413017,1.91,3.7,3.8
1370,2026-01-14,FC Koln,Bayern Munich,1,3,A,1370,0.1308812556511758,0.16432642181479945,0.704713560095942,1.0346980294356867,2.5712827874215387,10.5,7.5,1.22
1371,2026-01-14,Hoffenheim,M'gladbach,5,1,H,1371,0.4797395882536215,0.21404662004652802,0.3062035307054196,2.024319862421971,1.5921005042063276,1.85,3.9,3.8
1372,2026-01-14,RB Leipzig,Freiburg,2,0,H,1372,0.6047145782216523,0.20931652572379336,0.18595904409504493,2.0371622878145255,1.0371394146135182,1.7,4.0,4.5
1373,2026-01-15,Augsburg,Union Berlin,1,1,D,1373,0.3629193650392506,0.277771754573603,0.35930876423864333,1.1953098880085415,1.1878893317047061,2.6,3.2,2.8
1374,2026-01-16,Werder Bremen,Ein Frankfurt,3,3,D,1374,0.3737815230989263,0.2343837595514926,0.3918326781813344,1.5768438935580826,1.6190728357168795,2.7,3.5,2.5
1375,2026-01-17,RB Leipzig,Bayern Munich,1,5,A,1375,0.30277599356725426,0.21687334390404622,0.4803423070898972,1.5442054165873806,1.9814583874701568,5.0,4.75,1.55
1376,2026-01-17,Wolfsburg,Heidenheim,1,1,D,1376,0.5479398924916656,0.22635445330318446,0.22570141387595594,1.8584374995395048,1.1128983496985672,1.67,4.0,5.0
1377,2026-01-17,Hoffenheim,Leverkusen,1,0,H,1377,0.25657438130044985,0.2057464079348436,0.5376612652932649,1.4614089456944173,2.1704754625819414,2.4,3.8,2.7
1378,2026-01-17,Dortmund,St Pauli,3,2,H,1378,0.7045642634121799,0.18999549315764813,0.10542926555334581,2.0617289054906722,0.6484513973010816,1.33,5.25,10.0
1379,2026-01-17,FC Koln,Mainz,2,1,H,1379,0.3838369753688575,0.26553644620386146,0.35062632630302304,1.3200571696549197,1.2495277508374147,2.15,3.5,3.25
1380,2026-01-17,Hamburg,M'gladbach,0,0,D,1380,0.347256080520054,0.25012789167212435,0.4026153232728332,1.3594101625484385,1.4823486103513561,2.45,3.5,2.8
1381,2026-01-18,Stuttgart,Union Berlin,1,1,D,1381,0.5161368319426491,0.24257458380251234,0.241286985048976,1.674476517548778,1.0650397211534064,1.65,3.9,5.25
1382,2026-01-18,Augsburg,Freiburg,2,2,D,1382,0.33589526679418197,0.25746535355196454,0.40663893276591156,1.2716769580406337,1.4252485031823425,2.9,3.3,2.45
1383,2026-01-23,St Pauli,Hamburg,0,0,D,1383,0.3866460315964202,0.3249611286745974,0.28839282844587943,0.9992661122729662,0.8185031097636309,2.88,2.9,2.75
1384,2026-01-24,Mainz,Wolfsburg,3,1,H,1384,0.46945932678886243,0.24820204020613268,0.28233760439744854,1.5919387596165835,1.1784123844216325,2.3,3.5,3.0
1385,2026-01-24,Union Berlin,Dortmund,0,3,A,1385,0.2659230625143908,0.23723978099869936,0.49683498987987845,1.2009628496564366,1.7259048848338063,3.6,3.5,2.05
1386,2026-01-24,Leverkusen,Werder Bremen,1,0,H,1386,0.7108607602450236,0.1613104738055826,0.12773873848305256,2.6112362282011983,1.0363221289547349,1.62,4.2,5.25
1387,2026-01-24,Ein Frankfurt,Hoffenheim,1,3,A,1387,0.5319128891519291,0.2091597597227084,0.2589131535772363,2.1148089383635975,1.4341421602522688,2.8,3.75,2.3
1388,2026-01-24,Bayern Munich,Augsburg,1,2,A,1388,0.8654837445036974,0.0874663599130631,0.04609146493228014,3.472762230231637,0.7691099340424307,1.1,12.0,17.0
1389,2026-01-24,Heidenheim,RB Leipzig,0,3,A,1389,0.20331881151636483,0.21737131613735655,0.5793031167684635,1.0705682396306473,1.9549646240876037,5.0,4.5,1.57
1390,2026-01-25,M'gladbach,Stuttgart,0,3,A,1390,0.3910087161200727,0.2284474476371,0.3805406944775225,1.685538204817446,1.6605355396550916,3.0,3.75,2.2
1391,2026-01-25,Freiburg,FC Koln,2,1,H,1391,0.5126226934624762,0.24115306764887184,0.2462225022200764,1.688663514665035,1.0943655345606962,1.9,3.75,3.8
1392,2026-01-27,St Pauli,RB Leipzig,1,1,D,1392,0.19318732354335888,0.26866521854335246,0.5381470668759056,0.7469489911795134,1.4473006951977156,4.5,3.5,1.8
1393,2026-01-27,Werder Bremen,Hoffenheim,0,2,A,1393,0.4329642156375341,0.2232771072835306,0.34375382307342595,1.8338045310879576,1.6173501287818506,3.7,3.6,2.0
1394,2026-01-30,FC Koln,Wolfsburg,1,0,H,1394,0.4171251556071439,0.25201181391698313,0.3308623752296582,1.4902462182201741,1.3000590868601087,1.95,3.8,3.5
1395,2026-01-31,Hoffenheim,Union Berlin,3,1,H,1395,0.4740932007753318,0.24201032836610847,0.2838949447394198,1.6589206811456485,1.2305397861161038,1.8,3.8,4.33
1396,2026-01-31,Augsburg,St Pauli,2,1,H,1396,0.43222591692965023,0.30672330198848263,0.26105074189852495,1.1416124310993867,0.8159548743249526,2.0,3.3,4.1
1397,2026-01-31,Ein Frankfurt,Leverkusen,1,3,A,1397,0.3091022358703406,0.225595278851251,0.46529808458453403,1.4718080555955382,1.8452953939981342,3.0,3.8,2.2
1398,2026-01-31,RB Leipzig,Mainz,1,2,A,1398,0.605758269914138,0.2135697175948497,0.18066466479318086,1.9732544372998602,0.9759905702372718,1.55,4.5,5.5
1399,2026-01-31,Werder Bremen,M'gladbach,1,1,D,1399,0.4467329294948194,0.2276422091446445,0.3256212043883989,1.7969489419230713,1.5084090028765058,2.45,3.6,2.75
1400,2026-01-31,Hamburg,Bayern Munich,2,2,D,1400,0.09591864751410831,0.15624365544685145,0.7477781755440567,0.7775050575630583,2.4900906106937004,8.0,6.5,1.29
1401,2026-02-01,Stuttgart,Freiburg,1,0,H,1401,0.4939348121955015,0.23143158935962496,0.27463047176785405,1.7926190040346859,1.2833427478470656,1.67,4.1,4.75
1402,2026-02-01,Dortmund,Heidenheim,3,2,H,1402,0.7642508913900086,0.13929702013348771,0.09627386135637156,2.8281542318114217,0.9353308826337354,1.22,6.5,12.0
1403,2026-02-06,Union Berlin,Ein Frankfurt,1,1,D,1403,0.3743790053039643,0.25904410402589867,0.36657651522476065,1.3505998316562606,1.3337133104330599,2.0,3.5,3.6
1404,2026-02-07,Wolfsburg,Dortmund,1,2,A,1404,0.2639328049597081,0.21521973675144407,0.5208380651344939,1.3925685285565443,2.0205149735670074,4.2,4.2,1.73
1405,2026-02-07,M'gladbach,Leverkusen,1,1,D,1405,0.24386864677533487,0.20895596923448576,0.5471615700845474,1.3594350313835089,2.110768897158519,3.5,3.75,2.0
1406,2026-02-07,St Pauli,Stuttgart,2,1,H,1406,0.2664971453488464,0.28450884126691045,0.4489938863747617,0.9202229096522067,1.2854026531352307,4.33,3.75,1.8
1407,2026-02-07,Mainz,Augsburg,2,0,H,1407,0.529953989803762,0.24342979260815048,0.22661469199586792,1.6671095780649972,1.0001590611658715,2.05,3.6,3.5
1408,2026-02-07,Heidenheim,Hamburg,0,2,A,1408,0.42007677634539115,0.27654770053271055,0.30337536546881627,1.302022230270587,1.0623720838668262,2.88,3.5,2.45
1409,2026-02-07,Freiburg,Werder Bremen,1,0,H,1409,0.5130122128022068,0.2305515235520062,0.2564329022894484,1.809992221535834,1.216298476679962,1.83,3.75,4.2
1410,2026-02-08,FC Koln,RB Leipzig,1,2,A,1410,0.25059829427311364,0.238121159741971,0.5112784596298175,1.1334470298091373,1.721262440106046,3.25,3.8,2.1
1411,2026-02-08,Bayern Munich,Hoffenheim,5,1,H,1411,0.8247752950214813,0.10179792124911069,0.0722284021771138,3.5728593829780912,1.0881394864998544,1.29,7.0,7.5
1412,2026-02-13,Dortmund,Mainz,4,0,H,1412,0.6335026844156907,0.1931753194519447,0.17329829306236955,2.2443199893983907,1.0927392356129457,1.53,4.5,5.5
1413,2026-02-14,Stuttgart,FC Koln,3,1,H,1413,0.5577541333012113,0.22331106730146125,0.21892978169666844,1.892680682029374,1.1038663835852884,1.45,4.75,6.5
1414,2026-02-14,Leverkusen,St Pauli,4,0,H,1414,0.7022055390402426,0.19428611817802977,0.10349981269165107,2.005741400210803,0.6154061713235685,1.45,3.75,6.5
1415,2026-02-14,Werder Bremen,Bayern Munich,0,3,A,1415,0.13399997003347475,0.15515045707504344,0.7106937439306362,1.16826266012928,2.7836422255689426,8.0,6.0,1.3
1416,2026-02-14,Hamburg,Union Berlin,3,2,H,1416,0.34533157783618396,0.3013702278334681,0.35329816457325247,1.031762126748209,1.0472175212675658,2.5,3.25,2.9
1417,2026-02-14,Ein Frankfurt,M'gladbach,3,0,H,1417,0.537653387934243,0.2124426490904004,0.24989288169490642,2.05966155812144,1.3536615709281283,1.95,3.5,4.0
1418,2026-02-14,Hoffenheim,Freiburg,3,0,H,1418,0.44585661184522446,0.22987587884920774,0.3242643871935833,1.7677426647208079,1.4803407894979146,1.73,3.9,4.5
1419,2026-02-15,Augsburg,Heidenheim,1,0,H,1419,0.47076270576869406,0.2506714633402879,0.27856493911621594,1.5693229384007563,1.1480342480258268,1.85,3.6,4.2
1420,2026-02-15,RB Leipzig,Wolfsburg,2,2,D,1420,0.6466381900430296,0.1931620287710345,0.16017940023188978,2.20707839416295,1.0040293544312529,1.44,4.75,6.5
1421,2026-02-20,Mainz,Hamburg,1,1,D,1421,0.4930520142350311,0.2624688365398389,0.24447865384501735,1.4812834171654954,0.9589437641482057,2.1,3.4,3.5
1422,2026-02-21,RB Leipzig,Dortmund,2,2,D,1422,0.4528221780358209,0.22337116467242232,0.3238016395870425,1.8610123196631836,1.5491011167510451,2.15,3.8,3.1
1423,2026-02-21,Bayern Munich,Ein Frankfurt,3,2,H,1423,0.7792949415598327,0.1260139885960483,0.09426119828228091,3.1434845803053335,1.073490928258635,1.14,9.5,13.0
1424,2026-02-21,FC Koln,Hoffenheim,2,2,D,1424,0.4033148375044127,0.23700125002085898,0.3596821959520282,1.6143477961682775,1.513231237221205,3.3,3.8,2.05
1425,2026-02-21,Union Berlin,Leverkusen,1,0,H,1425,0.240004340543227,0.23945520761435973,0.5205385196697703,1.0808843027302708,1.708349330571905,3.0,3.3,2.38
1426,2026-02-21,Wolfsburg,Augsburg,2,3,A,1426,0.5155420233446342,0.23863621919364578,0.24581973044440436,1.7165167875329401,1.1103642508470966,2.05,3.4,3.75
1427,2026-02-22,Heidenheim,Stuttgart,3,3,D,1427,0.2849198167368543,0.23497639321170705,0.48010136765084926,1.292229699961166,1.7417443700459683,4.5,4.0,1.7
1428,2026-02-22,St Pauli,Werder Bremen,2,1,H,1428,0.34132899619472373,0.29549329987934636,0.36317766213343117,1.0521423217084511,1.0951076455089108,2.75,3.1,2.75
1429,2026-02-22,Freiburg,M'gladbach,2,1,H,1429,0.49955132859135704,0.22897656401138325,0.2714684119711984,1.825639234807296,1.2922790539366702,1.95,3.25,4.33
1430,2026-02-27,Augsburg,FC Koln,2,0,H,1430,0.4059096089480214,0.26234745686705885,0.33174260411784157,1.3842765821852847,1.2255601511096295,2.2,3.5,3.25
1431,2026-02-28,Hoffenheim,St Pauli,0,1,A,1431,0.5566166189635882,0.24607782412104096,0.197304282979424,1.636619665995113,0.8629748047302318,1.48,4.75,6.0
1432,2026-02-28,Leverkusen,Mainz,1,1,D,1432,0.6477897244574792,0.1948715502452726,0.15732097199369888,2.173600388401674,0.9711875596889709,1.7,4.0,4.5
1433,2026-02-28,M'gladbach,Union Berlin,1,0,H,1433,0.4467158845328979,0.2517151124669542,0.30156824470827,1.5346640534440086,1.2158154483496957,2.38,3.3,3.0
1434,2026-02-28,Werder Bremen,Heidenheim,2,0,H,1434,0.5316334477311498,0.22794215475364607,0.2404204559478978,1.8429113006370894,1.1679054497570522,1.75,4.0,4.33
1435,2026-02-28,Dortmund,Bayern Munich,2,3,A,1435,0.3169781289868906,0.2026026214796301,0.48039475359746997,1.7933006458707241,2.2201094371958505,4.5,4.75,1.6
1436,2026-03-01,Ein Frankfurt,Freiburg,2,0,H,1436,0.4901892776416341,0.232771367171894,0.2770365053850141,1.7743964506987886,1.2811661281801863,2.2,3.5,3.2
1437,2026-03-01,Hamburg,RB Leipzig,1,2,A,1437,0.2476365274739574,0.2504027591664361,0.501959720951395,1.0393886032577844,1.592101465581543,3.3,3.5,2.15
1438,2026-03-01,Stuttgart,Wolfsburg,4,0,H,1438,0.5433276415695497,0.21829220341527003,0.23837286110539666,1.9693666244463286,1.2403432330906792,1.5,4.75,5.25
1439,2026-03-04,Hamburg,Leverkusen,0,1,A,1439,0.2182679511109586,0.2334321933402036,0.5482971363285295,1.0283261607769045,1.7726510554004535,3.5,3.6,2.05
1440,2026-03-06,Bayern Munich,M'gladbach,4,1,H,1440,0.8393957758109257,0.09659675329157967,0.06284183763320476,3.560235213655494,0.9876968707647062,1.2,8.5,9.5
1441,2026-03-07,Freiburg,Leverkusen,3,3,D,1441,0.2776081366120136,0.23257588013180946,0.48981309886162827,1.2850928105515145,1.7765274691103048,2.9,3.3,2.4
1442,2026-03-07,Heidenheim,Hoffenheim,2,4,A,1442,0.33400450346022653,0.23117842073766615,0.43481430507973073,1.4985101114938824,1.7361135671701662,5.0,4.5,1.57
1443,2026-03-07,Mainz,Stuttgart,2,2,D,1443,0.4047515999349024,0.2476246431244339,0.3476229216241046,1.509538203296685,1.381688192699095,3.2,3.6,2.15
1444,2026-03-07,RB Leipzig,Augsburg,2,1,H,1444,0.6940054350615839,0.17968565307873838,0.126281068110639,2.285262272461467,0.8628269861036483,1.42,5.0,6.5
1445,2026-03-07,Wolfsburg,Hamburg,1,2,A,1445,0.4745518934318623,0.2560066290746053,0.2694408140895618,1.5236009638338677,1.0818134172268645,2.3,3.5,3.0
1446,2026-03-07,FC Koln,Dortmund,1,2,A,1446,0.23483901623184023,0.21542917374340262,0.5497231033399705,1.2490450165438198,2.007886598496869,4.1,4.0,1.75
1447,2026-03-08,St Pauli,Ein Frankfurt,0,0,D,1447,0.2821660952559052,0.2843196237581713,0.4335141659683366,0.964981162394746,1.268871816464243,2.63,3.4,2.6
1448,2026-03-08,Union Berlin,Werder Bremen,1,4,A,1448,0.45418454326907326,0.2582678024059112,0.28754712148133743,1.4846603813874983,1.1264201262055589,2.25,3.4,3.25
1449,2026-03-13,M'gladbach,St Pauli,2,0,H,1449,0.5052220614165805,0.26978658325314603,0.22499100520063284,1.4302167654894526,0.8558355791230717,1.91,3.4,4.2
1450,2026-03-14,Hoffenheim,Wolfsburg,1,1,D,1450,0.5052603376842727,0.21770702341877202,0.2770246727625351,1.9815309319216214,1.4257799182252697,1.44,4.75,6.5
1451,2026-03-14,Leverkusen,Bayern Munich,1,1,D,1451,0.33449573043951464,0.21296376992564253,0.4525296910116126,1.715869106074495,2.0129922630054367,5.25,4.33,1.55
1452,2026-03-14,Dortmund,Augsburg,2,0,H,1452,0.7329132879846614,0.15494339214747177,0.11204718941441832,2.6311542622980806,0.9472306396224467,1.42,4.75,7.0
1453,2026-03-14,Ein Frankfurt,Heidenheim,1,0,H,1453,0.6378471707091862,0.19492706861666204,0.16720590259086895,2.2006706175219146,1.0367072480131505,1.53,4.5,5.5
1454,2026-03-14,Hamburg,FC Koln,1,1,D,1454,0.4338713860316254,0.27511020099640876,0.29101822665196064,1.330364240233532,1.0364986006527879,2.1,3.6,3.25
1455,2026-03-15,Freiburg,Union Berlin,0,1,A,1455,0.4728451383810282,0.2614869792860062,0.2656673981751179,1.4752163288623172,1.0360369844707822,2.15,3.3,3.5
1456,2026-03-15,Werder Bremen,Mainz,0,2,A,1456,0.398504102452674,0.2522739238441521,0.3492213677922342,1.455415943642511,1.3466657262632908,2.2,3.5,3.2
1457,2026-03-15,Stuttgart,RB Leipzig,1,0,H,1457,0.35558855285539326,0.23523998351525882,0.4091695004997359,1.520198893996929,1.645067230071824,2.3,3.9,2.7
