Date,HomeTeam,AwayTeam,FTHG,FTAG,actual,p_home,p_draw,p_away,lambda_home,lambda_away,lh_goals,la_goals,B365H,B365D,B365A
2025-03-29,Ein Frankfurt,Stuttgart,1,0,H,0.5166076218903137,0.19243682829347777,0.29090273617489054,2.4368051082234183,1.8270805356787896,1.7726934729465864,1.3534887844075447,2.5,3.8,2.5
2025-03-30,Dortmund,Mainz,3,1,H,0.49367662959558545,0.23051425254707067,0.2758057992051315,1.8037550156286375,1.2961017798332861,2.194427300523746,1.1731754971289536,1.62,3.9,5.0
2025-03-30,Freiburg,Union Berlin,1,2,A,0.579672269036795,0.22946659366176314,0.19085800980976625,1.799934202418843,0.9256865737570154,1.4541209061972367,0.979679960181043,2.0,3.5,3.7
2025-04-04,Augsburg,Bayern Munich,1,3,A,0.09856870283843135,0.19231286953507015,0.7091097438861879,0.5914546320055184,2.0096436582177226,1.064512090259351,2.523568440608949,7.5,4.75,1.42
2025-04-05,Bochum,Stuttgart,0,4,A,0.23617790356540866,0.18943486760627604,0.5743345908499369,1.5514536330349122,2.451387985787699,1.2762954559940178,1.7408712832298818,3.1,3.7,2.15
2025-04-05,Freiburg,Dortmund,1,4,A,0.4636977813858508,0.24300846698773093,0.29329236489539356,1.6390075532700303,1.255468671367633,1.5367121963885053,1.7599755617321662,3.1,3.5,2.2
2025-04-05,Heidenheim,Leverkusen,0,1,A,0.1927679726401338,0.21128244801387336,0.5959403937491383,1.0604932967789535,2.021547438473919,1.1750340541490019,2.1036670483072766,6.5,4.75,1.44
2025-04-05,Mainz,Holstein Kiel,1,1,D,0.6441321949999622,0.19401739185511438,0.16183068127970085,2.199157376672695,1.0082322733545168,2.526614380814056,1.1297186896590339,1.45,4.5,7.0
2025-04-05,RB Leipzig,Hoffenheim,3,1,H,0.6930762694230171,0.16877622451913651,0.138079877583054,2.5266520019176593,1.0542704287214983,2.5266520019176593,1.0542704287214983,1.55,4.2,5.5
2025-04-05,Werder Bremen,Ein Frankfurt,2,0,H,0.37401711191903464,0.20933856864312417,0.41663047653023844,1.8999706157150065,2.0093235751103253,1.5954925722544573,1.5760678022111763,2.63,3.5,2.5
2025-04-06,Union Berlin,Wolfsburg,1,0,H,0.4272293435490309,0.2469957639042333,0.32577395462042635,1.553157660924348,1.326203197788112,1.3472661379661968,1.1187052158169313,2.45,3.3,2.88
2025-04-06,St Pauli,M'gladbach,1,1,D,0.4340465911754008,0.2364279368766869,0.32952354479865253,1.6738799279810925,1.4319665127309302,1.0356438220301398,1.0365832088166576,2.5,3.3,2.75
2025-04-11,Wolfsburg,RB Leipzig,2,3,A,0.2850441144145841,0.2406587682385918,0.4742954556613393,1.2453794553369404,1.6735338377594005,1.2453794553369404,1.6735338377594005,2.88,3.75,2.3
2025-04-12,Bochum,Augsburg,1,2,A,0.3411448525985059,0.26357170554091136,0.39528314779540463,1.240679619183906,1.356225808917847,1.3599400017156762,1.3438251608214347,2.5,3.4,2.8
2025-04-12,Hoffenheim,Mainz,2,0,H,0.3185463436090025,0.23457324256610024,0.44687814285025035,1.4145556208467434,1.7128403749991516,1.6026331862147902,1.4603175116898175,2.7,3.5,2.55
2025-04-12,Holstein Kiel,St Pauli,1,2,A,0.40178567656187,0.26143722199353386,0.33677675826137127,1.3844396956455833,1.2449020328557179,1.1958500782835233,1.106249631913801,3.25,3.3,2.25
2025-04-12,Leverkusen,Union Berlin,0,0,D,0.6483302416888008,0.20491121211437408,0.1467497677151762,2.011980867486199,0.8345204259558154,2.135680331850437,0.8228816406145707,1.33,4.75,9.5
2025-04-12,M'gladbach,Freiburg,1,2,A,0.34195697319260043,0.22291617815732054,0.43512184424524486,1.6158362546532734,1.8421233065973408,1.687862282077929,1.4282263535128275,2.15,3.6,3.25
2025-04-12,Bayern Munich,Dortmund,2,2,D,0.7763540694429786,0.13824858608815438,0.08526102719508899,2.740380194901263,0.8157057463850708,2.8490127245376073,1.4631483534726428,1.44,5.25,6.0
2025-04-13,Stuttgart,Werder Bremen,1,2,A,0.54645067085458,0.204808443517632,0.24872218337505358,2.1817035640702294,1.4308797576501608,2.0500526726738935,1.2800094430320648,1.65,4.33,4.5
2025-04-13,Ein Frankfurt,Heidenheim,3,0,H,0.6986381725827395,0.15879718635592469,0.14242093827043995,2.757231705321111,1.207248452918763,1.9452850318172596,1.1001497854643019,1.73,4.2,4.2
2025-04-19,Werder Bremen,Bochum,1,0,H,0.6539865662001041,0.17710296368503384,0.1688466103912114,2.509856423799807,1.2225772956466854,2.087879004672415,1.1121107441600846,1.73,4.1,4.33
2025-04-19,RB Leipzig,Holstein Kiel,1,1,D,0.8254386541814729,0.10521252385304343,0.0685827162084303,3.3762458217748237,0.961730338946703,3.3762458217748237,0.961730338946703,1.33,5.75,7.5
2025-04-19,Union Berlin,Stuttgart,4,4,D,0.35896503039547645,0.23868771507425388,0.40234573126240647,1.494409672905386,1.5943788529396683,1.326488052402275,1.2317882597330858,2.8,3.4,2.45
2025-04-19,Heidenheim,Bayern Munich,0,4,A,0.0744407577648204,0.12970447724261236,0.7956887339454146,0.7626001437985096,2.8046038538144766,1.1358872353338076,2.6250142114338715,9.0,6.0,1.29
2025-04-19,Mainz,Wolfsburg,2,2,D,0.49698571765305144,0.22657140471003467,0.27643855277876855,1.8554109444714126,1.3346669241557085,1.579756531696191,1.1520442251417127,2.0,3.6,3.6
2025-04-19,Freiburg,Hoffenheim,3,2,H,0.6490936018268324,0.1923392308553051,0.1585461627514995,2.214485650131395,0.9995861001998607,1.9085424334825847,1.307712675946835,1.91,3.7,3.75
2025-04-20,Augsburg,Ein Frankfurt,0,0,D,0.29122768467666876,0.24673714156605575,0.46203407970027344,1.2194348411026434,1.5993747611214908,1.3256094622300603,1.469670397111234,2.55,3.3,2.75
2025-04-20,Dortmund,M'gladbach,3,2,H,0.6906094811450638,0.15921581449048958,0.15001327281626248,2.79510430587042,1.2765635134517705,2.7540841158246026,1.2879989201242852,1.42,5.25,6.5
2025-04-20,St Pauli,Leverkusen,1,1,D,0.23417196775734572,0.2589749549028932,0.506852456291697,0.9408906919239918,1.517155578029635,0.7384525124048696,1.3923973138070609,5.25,3.8,1.67
2025-04-25,Stuttgart,Heidenheim,0,1,A,0.6514718802116602,0.17780917218285355,0.17065652070085363,2.5033265654010894,1.2289344073683526,2.067545805247931,1.126722496158395,1.48,5.0,5.75
2025-04-26,Ein Frankfurt,RB Leipzig,4,0,H,0.32759007950570973,0.24411529021434927,0.4282934957845781,1.355991552691138,1.5833373505844914,1.355991552691138,1.5833373505844914,2.15,3.8,3.0
2025-04-26,Leverkusen,Augsburg,2,0,H,0.6094719632308581,0.23791280359772,0.1526136029242382,1.6799565368426406,0.7005212660550901,2.5275803876588845,0.8360981871094343,1.36,5.0,8.5
2025-04-26,Wolfsburg,Freiburg,0,1,A,0.37867335622106324,0.2388659648847497,0.38245920347842,1.541569050205732,1.5502939828574613,1.542957513568607,1.287881706597671,2.35,3.5,2.88
2025-04-26,Hoffenheim,Dortmund,2,3,A,0.2665052161411144,0.21916499829015215,0.5143226086825011,1.3638658057049775,1.9618460461372087,1.6525747701303475,2.248497663626175,4.1,4.33,1.73
2025-04-26,Bayern Munich,Mainz,3,0,H,0.8268613600885408,0.11316059126695836,0.05969580673035038,2.9873537874504335,0.715400483244671,2.7879476899389153,0.9481181658392206,1.22,7.0,11.0
2025-04-26,Holstein Kiel,M'gladbach,4,3,H,0.402502319669502,0.22504452313215761,0.3724490834704649,1.7531556106733759,1.68051250598832,1.7894691366191178,2.0923245502592343,3.1,3.8,2.15
2025-04-27,Bochum,Union Berlin,1,1,D,0.3231000937672852,0.238150962304624,0.4387472018171572,1.3956034837127018,1.6614977030810831,1.1115691778297612,1.3274158220212258,2.25,3.4,3.1
2025-04-27,Werder Bremen,St Pauli,0,0,D,0.5085688796449276,0.24342362841465776,0.24800598256720535,1.6637003462288087,1.0859144863927686,1.222332659504427,0.8395921568862158,1.85,3.6,4.0
2025-05-02,Heidenheim,Bochum,0,0,D,0.5377751048782295,0.20929523494796465,0.25291579925745267,2.1102878970278827,1.402369783544768,1.7830015933696484,1.1119247200600124,2.25,3.6,3.1
2025-05-03,Dortmund,Wolfsburg,4,0,H,0.6076781929960442,0.19443197490210984,0.1978619657613201,2.2846778160499928,1.2434012544062463,2.4587276483450946,1.182054172189093,1.33,5.75,7.5
2025-05-03,M'gladbach,Hoffenheim,4,4,D,0.5153847470093034,0.2059004000665566,0.27869626388219815,2.1733731260420273,1.5709158864623824,2.10194237736699,1.5809716630170276,2.1,4.0,3.0
2025-05-03,RB Leipzig,Bayern Munich,3,3,D,0.33827507286607783,0.22102756670475007,0.4406915523210664,1.6263027582416727,1.8766305106036822,1.6263027582416727,1.8766305106036822,4.5,4.33,1.62
2025-05-03,St Pauli,Stuttgart,0,1,A,0.3424537879192962,0.24363699104754757,0.4139081041728522,1.4029135824298935,1.5647559045345536,0.934907310469943,1.012335771270043,2.62,3.5,2.55
2025-05-03,Union Berlin,Werder Bremen,2,2,D,0.3921846071210838,0.255662667225995,0.3521522464557003,1.4141474832547045,1.3266826757692227,1.5099827659166012,1.1387733822378447,2.7,3.4,2.55
2025-05-04,Mainz,Ein Frankfurt,1,1,D,0.3914436174811621,0.21780828651447562,0.3907410582416788,1.8239072809714012,1.82216211944418,1.4753693854707464,1.2752916901654114,2.35,3.5,2.9
2025-05-04,Freiburg,Leverkusen,2,2,D,0.37403492861308674,0.2583564687231339,0.3676082101535145,1.3553152820391636,1.3413781634209452,1.2666142468681483,1.763297735801433,3.2,3.4,2.25
2025-05-04,Augsburg,Holstein Kiel,1,3,A,0.4887208979747056,0.2657548460279717,0.245523846566094,1.4522811713329402,0.9453922989591935,2.099893380548056,1.387216295680384,1.83,3.9,4.0
2025-05-09,Wolfsburg,Hoffenheim,2,2,D,0.5495219878726049,0.210824182395266,0.23964182754157304,2.078972361771677,1.3181271356340658,1.8992138632330107,1.3889505075409838,2.2,3.6,2.9
2025-05-10,Bochum,Mainz,1,4,A,0.2806229048280226,0.2198597126953427,0.4995105333879639,1.4187083267587426,1.9483254155968404,1.1457449440073557,1.519556952463389,2.9,3.6,2.3
2025-05-10,Holstein Kiel,Freiburg,1,2,A,0.2495774307412165,0.2273560460475408,0.5230623981459857,1.2133471151203454,1.8509616598346739,1.6340856826527899,1.9427527091946555,3.1,3.75,2.15
2025-05-10,Union Berlin,Heidenheim,0,3,A,0.5193077335328311,0.2427810435010583,0.23790964032609124,1.6728983905688553,1.0501425076989335,1.493740070410053,0.9737467777901414,2.25,3.3,3.3
2025-05-10,Werder Bremen,RB Leipzig,0,0,D,0.2688883673043101,0.22613110301607242,0.5049760519236461,1.307341788366163,1.864141892731955,1.307341788366163,1.864141892731955,2.35,3.7,2.8
2025-05-10,Bayern Munich,M'gladbach,2,0,H,0.9035083044922894,0.06345764625994457,0.030474954229161466,3.944721440004605,0.7382602140823863,3.510672259417438,1.079764342816358,1.17,9.5,11.0
2025-05-11,Leverkusen,Dortmund,2,4,A,0.4915433501569383,0.23585436182489858,0.2725999444014152,1.738964995431898,1.237986364855876,2.2157296980558363,1.494649777565209,2.7,3.9,2.35
2025-05-11,Ein Frankfurt,St Pauli,2,2,D,0.6535355593532618,0.18533379520715046,0.16109709082748455,2.3334198101856765,1.0786352660071967,1.2546962974627733,0.6575215846267948,1.53,4.33,5.75
2025-05-11,Stuttgart,Augsburg,4,0,H,0.5584434247363887,0.22860774416018642,0.2129452579366538,1.8252328518584746,1.036655054136079,1.9274820955623282,1.060222392766379,1.55,4.33,5.75
2025-05-17,St Pauli,Bochum,0,2,A,0.52459377097462,0.23092388421628834,0.24447906811920062,1.806507552823965,1.1622199803101616,1.1170227775836692,0.6923770980011447,1.67,4.2,4.5
2025-05-17,RB Leipzig,Stuttgart,2,3,A,0.6039327961056274,0.20344248126511338,0.1926098145533085,2.1316710441756093,1.1244919510017963,2.1316710441756093,1.1244919510017963,2.0,4.2,3.2
2025-05-17,M'gladbach,Wolfsburg,0,1,A,0.4249673031982737,0.2143433892200308,0.3606799053649537,1.9474625411813073,1.7858831186861972,1.811920349258782,1.4421295534961005,2.2,4.2,2.8
2025-05-17,Mainz,Leverkusen,2,2,D,0.34155162019134255,0.25478585829683986,0.40366199806276726,1.3068996457171331,1.4428569829139501,1.246960906782601,1.7122080287360375,2.15,3.9,3.0
2025-05-17,Augsburg,Union Berlin,1,2,A,0.399070768271544,0.28863944350087084,0.3122897163324847,1.1944953799578408,1.0213433930134312,1.2067531762685788,1.1418769707566816,2.1,3.5,3.4
2025-05-17,Heidenheim,Werder Bremen,1,4,A,0.3253259336391706,0.23870201975905375,0.43597038243620867,1.3974943910237427,1.6515253164201449,1.5685963760681547,1.3945469010337916,2.3,3.8,2.75
2025-05-17,Freiburg,Ein Frankfurt,1,3,A,0.43938276378051117,0.22519001574955325,0.3354229399658627,1.8183427187679408,1.5681201575801542,1.537035968217479,1.31749820054215,2.35,3.7,2.8
2025-05-17,Dortmund,Holstein Kiel,3,0,H,0.7145609469098809,0.1576073318109546,0.12771659787674505,2.6867836205844826,1.0758969632510282,3.7352337446562665,1.24837510109872,1.09,12.0,19.0
2025-05-17,Hoffenheim,Bayern Munich,0,4,A,0.07467803047973288,0.12720355964772656,0.7979205165109665,0.7892953058867049,2.863419614458933,1.362895036267312,2.840545533026246,5.0,5.25,1.5
2025-08-22,Bayern Munich,RB Leipzig,6,0,H,0.624119400658226,0.18634119600196772,0.18949528926946752,2.4060325078188707,1.2739225701652188,2.4060325078188707,1.2739225701652188,1.22,7.0,9.0
2025-08-23,Union Berlin,Stuttgart,2,1,H,0.3067272956804511,0.2336036360062454,0.45966655294072845,1.3835618690642648,1.7393193462538603,1.3364416951995375,1.2992013033755017,3.4,3.7,2.05
2025-08-23,St Pauli,Dortmund,3,3,D,0.26312876832039966,0.24385852413265172,0.49301127573892867,1.1407711222960872,1.6525214941422173,0.8431937377781769,1.4571204728046387,4.5,3.9,1.75
2025-08-23,Leverkusen,Hoffenheim,1,2,A,0.686398328191695,0.18126836928641538,0.13230523572036978,2.2872929962194393,0.8972091331825965,2.8199527372322137,1.1110393800275138,1.53,4.75,5.25
2025-08-23,Freiburg,Augsburg,1,3,A,0.5552670220436671,0.24731373923916158,0.1974180469162341,1.6252055939852075,0.8572198194061836,1.7541552441945616,1.0082684698880855,1.85,3.6,4.33
2025-08-23,Ein Frankfurt,Werder Bremen,4,1,H,0.5866697897902929,0.19139197099370212,0.22189668915147667,2.3881503691201567,1.4339728698642429,1.9473453740449376,1.2259800392828357,1.7,4.1,4.5
2025-08-23,Heidenheim,Wolfsburg,1,3,A,0.3646176592672177,0.23781957836355744,0.39756115564385974,1.5178051555582401,1.5939634117483785,1.4178271171160224,1.3863142935110107,3.2,3.5,2.2
2025-08-24,Mainz,FC Koln,0,1,A,0.519568224602627,0.24771681790101316,0.2327137709075025,1.6233292831720856,0.9986578981425541,1.6233292831720856,0.9986578981425541,1.9,3.7,4.0
2025-08-30,Hoffenheim,Ein Frankfurt,1,3,A,0.24895944202593015,0.19975395956783126,0.5512598453089759,1.4926595680551384,2.27005360050205,1.6665936640963355,1.6668557984864694,2.88,3.75,2.25
2025-08-30,RB Leipzig,Heidenheim,2,0,H,0.6918165182683335,0.17791472018965332,0.13023561094617558,2.330384053134076,0.9072676346449424,2.330384053134076,0.9072676346449424,1.44,5.0,6.25
2025-08-30,Stuttgart,M'gladbach,1,0,H,0.672199320050757,0.16041656444124902,0.167183597240676,2.8673223477135523,1.4268840064933568,2.087591225736879,1.3827064553146622,1.6,4.5,4.75
2025-08-30,Werder Bremen,Leverkusen,3,3,D,0.33331845751549694,0.24550994537829693,0.42117058700337123,1.3606449458602807,1.558265168878718,1.315501903845731,2.0380753371094844,3.7,3.8,1.91
2025-08-30,Augsburg,Bayern Munich,2,3,A,0.0970798711053193,0.17482664079007962,0.7280724429421812,0.6664430998767855,2.2150760408744077,1.0142999971774649,2.601436128062725,9.0,6.5,1.27
2025-08-31,FC Koln,Freiburg,4,1,H,0.3723563009676434,0.26250999619644705,0.36513340268267236,1.3195990466155185,1.3041226377857464,1.3195990466155185,1.3041226377857464,2.55,3.3,2.8
2025-08-31,Wolfsburg,Mainz,1,1,D,0.37487415681760816,0.2374558075720947,0.38766840218160137,1.5470673312311025,1.5766905538659486,1.4594872741475855,1.2449450967326698,2.0,3.6,3.5
2025-08-31,Dortmund,Union Berlin,3,0,H,0.6072063044641063,0.2109517782916795,0.18183326431944802,2.0086097240561163,1.0012911643221438,2.2043431880173157,1.00454239134545,1.4,5.25,6.5
2025-09-12,Leverkusen,Ein Frankfurt,3,1,H,0.4800295823722095,0.22087843015333478,0.29908571137220646,1.9228241410908982,1.4840804836605666,2.1999091928617216,1.1479222823008948,2.1,3.8,3.2
2025-09-13,Freiburg,Stuttgart,3,1,H,0.44157130050703397,0.22687038893834877,0.33155449560577277,1.7996979401558015,1.536618246368413,1.5982648223202764,1.3848159590555402,2.9,3.6,2.35
2025-09-13,Heidenheim,Dortmund,0,2,A,0.24416593133260528,0.21781168005955837,0.5380147586617812,1.272832680148319,1.9784133188472908,1.3015146223528156,2.1868966868266546,5.5,4.5,1.55
2025-09-13,Mainz,RB Leipzig,0,1,A,0.3153282668897402,0.25088926936858846,0.4337817103071634,1.2641127867501125,1.525590219381994,1.2641127867501125,1.525590219381994,2.55,3.6,2.63
2025-09-13,Union Berlin,Hoffenheim,2,4,A,0.4793355988133857,0.2464276331895682,0.2742355850034244,1.6175604994114585,1.1629173523688388,1.6112716611169082,1.2562998737002495,2.6,3.4,2.7
2025-09-13,Wolfsburg,FC Koln,3,3,D,0.49577911781450434,0.24755735134957457,0.256662375201096,1.6166731291178975,1.0911951789359078,1.6166731291178975,1.0911951789359078,1.95,3.5,3.9
2025-09-13,Bayern Munich,Hamburg,5,0,H,0.9101640760561376,0.08979123329464418,3.858958441677639e-11,2.4102679338269284,4.2977006788448487e-10,2.4102679338269284,4.2977006788448487e-10,1.06,12.0,26.0
2025-09-14,St Pauli,Augsburg,2,1,H,0.4002220663262541,0.29147957441639255,0.30829829677535764,1.179936795489303,0.9978280555518884,1.086413483537751,0.8373983668271316,2.2,3.4,3.3
2025-09-14,M'gladbach,Werder Bremen,0,4,A,0.37133702728644413,0.22026899911490486,0.4083881057889891,1.7376818944888839,1.8288163231855208,1.9265704911562216,1.4978278700810606,1.95,3.9,3.4
2025-09-19,Stuttgart,St Pauli,2,0,H,0.6339339815611877,0.19807529693165216,0.16797420368196364,2.156269489323746,1.0159538089917075,1.4077301163177125,0.7948519152932407,1.75,4.1,4.2
2025-09-20,Augsburg,Mainz,1,4,A,0.31295353447129537,0.26407208546164557,0.422974056487869,1.163576199440811,1.3973830170820203,1.2381515376730163,1.326321828867944,2.7,3.4,2.6
2025-09-20,Hamburg,Heidenheim,2,1,H,3.3984941845402805e-10,0.42386726967710897,0.5761327278532553,8.017826398665222e-10,0.8583349158592154,8.017826398665222e-10,0.8583349158592154,2.05,3.6,3.5
2025-09-20,Hoffenheim,Bayern Munich,1,4,A,0.07520042853479869,0.1260213421034118,0.7985596274909719,0.8079889867477327,2.897473574178827,1.3496670569209168,2.885164182764938,7.0,6.0,1.33
2025-09-20,Werder Bremen,Freiburg,0,3,A,0.38655172387072056,0.24598955019035446,0.36745782440178393,1.489073893397412,1.446079942819047,1.6164506526158113,1.4358281500402847,2.38,3.6,2.8
2025-09-20,RB Leipzig,FC Koln,3,1,H,0.6571745691510231,0.19539902197811104,0.14741119766515143,2.136866530557562,0.9011005392893399,2.136866530557562,0.9011005392893399,1.65,4.33,4.5
2025-09-21,Ein Frankfurt,Union Berlin,3,4,A,0.6453356837391357,0.18446279046822825,0.17016161396362017,2.37935885046211,1.153787911369584,1.6353879763518417,1.0008856125873593,1.57,4.33,5.5
2025-09-21,Leverkusen,M'gladbach,1,1,D,0.6706220614062259,0.17723579972713563,0.15209262899921405,2.4382930780729173,1.087231000759564,2.684120285875319,1.0875881077896572,1.57,5.0,4.5
2025-09-21,Dortmund,Wolfsburg,1,0,H,0.5984866001835585,0.1996782490480072,0.20181475600780113,2.2065206421555867,1.2153892207959918,2.4727705185547304,1.1714194546167258,1.5,5.0,5.5
2025-09-26,Bayern Munich,Werder Bremen,4,0,H,0.8219424547842114,0.11484049670054358,0.06292756366705862,2.9964643562131705,0.747382706722969,3.394459556900739,0.9969297814247211,1.09,11.0,21.0
2025-09-27,M'gladbach,Ein Frankfurt,4,6,A,0.2689667560544788,0.1905650160023726,0.5404111343626627,1.7350679054726765,2.4671593646406613,1.6187657860793476,1.6391355934985175,3.1,3.6,2.2
2025-09-27,Wolfsburg,RB Leipzig,0,1,A,0.29163981453528565,0.2400105582268616,0.46834792654884666,1.2740967708994,1.67536343238413,1.2740967708994,1.67536343238413,2.55,3.6,2.6
2025-09-27,St Pauli,Leverkusen,1,2,A,0.23856123507587285,0.25965723737417895,0.5017809361459996,0.9530757130305808,1.5091962814066064,0.8007609720378566,1.4629152546081374,3.1,3.6,2.2
2025-09-27,Mainz,Dortmund,0,2,A,0.39660491870461,0.23527809639327213,0.3681150639958516,1.6194690864181325,1.5530341163058183,1.4482141665601334,1.778951974276394,3.2,3.7,2.1
2025-09-27,Heidenheim,Augsburg,2,1,H,0.39707043704955414,0.2670354136426195,0.3358939093890867,1.3332610868867942,1.203989009224238,1.4852667054442525,1.21565165062359,2.7,3.5,2.5
2025-09-28,Freiburg,Hoffenheim,1,1,D,0.6218977496976132,0.19938967726346332,0.17869557902325428,2.1629322037202163,1.0736529711746747,1.9531446080790609,1.3650877408166036,2.25,3.4,3.1
2025-09-28,FC Koln,Stuttgart,1,2,A,0.3583605025981833,0.24850581165603888,0.393132918153573,1.401443096190636,1.479101384688531,1.401443096190636,1.479101384688531,2.9,3.5,2.35
2025-09-28,Union Berlin,Hamburg,0,0,D,0.6755244059799381,0.23245838286570367,0.09201593958209096,1.6366041497683734,0.4261531836505554,1.6366041497683734,0.4261531836505554,1.95,3.4,4.0
2025-10-03,Hoffenheim,FC Koln,0,1,A,0.48857036218586714,0.22831534693618105,0.2831104795726663,1.8285518561674994,1.345216664655787,1.8285518561674994,1.345216664655787,1.91,3.7,3.75
2025-10-04,Augsburg,Wolfsburg,3,1,H,0.3826766674476433,0.262139483631052,0.355183537929713,1.343442023083585,1.2844835015587313,1.3477872199403538,1.3737185090969675,2.75,3.5,2.45
2025-10-04,Dortmund,RB Leipzig,1,1,D,0.47734993482273436,0.21959191114241333,0.30305130188633816,1.9391413290891317,1.5141042894608905,1.9391413290891317,1.5141042894608905,1.7,4.5,4.2
2025-10-04,Leverkusen,Union Berlin,2,0,H,0.6140655356145468,0.21720672902304647,0.168722291588485,1.9103776045608285,0.8864078154352117,2.143015037349048,0.8739584812571941,1.7,4.0,4.75
2025-10-04,Ein Frankfurt,Bayern Munich,0,3,A,0.17646189412609398,0.18268169677656962,0.6408078551107355,1.2193193342410689,2.4326171240404575,1.369204910051431,2.3491760020198287,6.25,5.25,1.42
2025-10-04,Werder Bremen,St Pauli,1,0,H,0.5214262016072362,0.24192996444075615,0.2366421678889085,1.682073080180045,1.0505814958437802,1.3085270591161615,0.8935019380183719,2.35,3.7,2.88
2025-10-05,M'gladbach,Freiburg,0,0,D,0.3141262067055285,0.2246891646702307,0.46117997942774375,1.499876224118135,1.8530204323179504,1.6538798320673618,1.4963402608974283,2.25,3.6,3.0
2025-10-05,Stuttgart,Heidenheim,1,0,H,0.6839508374683498,0.16801434142484156,0.14794997509073576,2.593331264484711,1.1493307126106895,2.0377315121091524,1.0780200259672308,1.42,4.75,7.0
2025-10-05,Hamburg,Mainz,4,0,H,0.13066048228168387,0.25998283298634034,0.6093561668010246,0.5303798400213932,1.4901886767552932,0.5303798400213932,1.4901886767552932,2.8,3.5,2.4
2025-10-17,Union Berlin,M'gladbach,3,1,H,0.4684283409998652,0.2285487121712432,0.30301933199736814,1.8101010733063279,1.4191370224940352,1.550777850256363,1.2473925049599832,2.2,3.4,3.2
2025-10-18,FC Koln,Augsburg,1,1,D,0.4728013795194291,0.25350804722723214,0.2736898123480008,1.544657748184333,1.1122903373285176,1.544657748184333,1.1122903373285176,1.95,3.9,3.5
2025-10-18,Heidenheim,Werder Bremen,2,2,D,0.3391052063750269,0.23675517164850132,0.4241377909608187,1.4578801441892324,1.6547277280366535,1.509181460707247,1.4678258550841736,2.88,3.5,2.35
2025-10-18,Mainz,Leverkusen,3,4,A,0.36368692516853157,0.25197714368221774,0.38433532966014383,1.3844578193074375,1.4300933956679505,1.2408258019338219,1.7266862041506723,2.8,3.4,2.45
2025-10-18,RB Leipzig,Hamburg,2,1,H,0.6245246991558262,0.22479912206723132,0.1506730467664331,1.8004618481925103,0.7492266087816187,1.8004618481925103,0.7492266087816187,1.44,4.75,6.5
2025-10-18,Wolfsburg,Stuttgart,0,3,A,0.33561428084944855,0.21721615679465803,0.4471617746389339,1.6643520817382047,1.940729523711355,1.548089048106874,1.4480792699465865,2.63,3.6,2.5
2025-10-18,Bayern Munich,Dortmund,2,1,H,0.7562025964822713,0.1467318207530609,0.09695460485860137,2.6753903608360776,0.8683517070005145,2.798022947055572,1.4373118673845655,1.33,5.5,7.5
2025-10-19,St Pauli,Hoffenheim,0,3,A,0.4203076032474483,0.2549816641572225,0.32471018124721146,1.4688288220510428,1.260054262605881,1.1800158614377463,1.0954021795263928,2.5,3.4,2.8
2025-10-19,Freiburg,Ein Frankfurt,2,2,D,0.4100475793628727,0.22469713014255943,0.36525107724405226,1.7733530119964356,1.6649812181990638,1.5601835030333968,1.3914854031022543,2.5,3.5,2.7
2025-10-24,Werder Bremen,Union Berlin,1,0,H,0.500576383805473,0.23622235960871188,0.26319893472556877,1.739096510271236,1.1982478342914926,1.5120325703632382,1.196045890608186,2.25,3.6,2.9
2025-10-25,Augsburg,RB Leipzig,0,6,A,0.2243807167013807,0.23000055688552684,0.5456153441146787,1.079790184674154,1.8140866673024951,1.079790184674154,1.8140866673024951,3.2,3.9,2.05
2025-10-25,Ein Frankfurt,St Pauli,2,0,H,0.662022872876082,0.18567755308122372,0.15227046411336495,2.2965858513887394,1.0108209070132066,1.4768400442946854,0.7397006411683537,1.67,4.2,4.5
2025-10-25,Hamburg,Wolfsburg,0,1,A,0.3931215047329302,0.2800739151253817,0.3268044695090395,1.237010905421895,1.101699052044839,1.237010905421895,1.101699052044839,2.35,3.5,2.9
2025-10-25,Hoffenheim,Heidenheim,3,1,H,0.4948388100277038,0.2255053716836349,0.27965118124567223,1.8684428897542957,1.3579842466299918,1.9820464495411896,1.2932689886957138,1.57,4.5,5.25
2025-10-25,M'gladbach,Bayern Munich,0,3,A,0.07434156570249675,0.11699480924471795,0.8082630060995417,0.8969929284330612,3.116601404885235,1.2603135277613597,2.820632225096341,10.0,6.5,1.22
2025-10-25,Dortmund,FC Koln,1,0,H,0.6931680852166195,0.17085075316933163,0.13592427737309895,2.4771953174523604,1.015340031114375,2.4771953174523604,1.015340031114375,1.44,5.25,6.5
2025-10-26,Leverkusen,Freiburg,2,0,H,0.4987856048021704,0.2444656833254838,0.2567473150036993,1.649176341940995,1.1124587377927995,2.2553278667007643,1.0417549859840562,1.83,3.9,4.0
2025-10-26,Stuttgart,Mainz,2,1,H,0.507785645379244,0.2136553851010908,0.2785483581221242,2.0438188393378183,1.4771024395317942,1.6965742478581924,1.220487069355552,1.75,4.0,4.33
2025-10-31,Augsburg,Dortmund,0,1,A,0.27235768418201317,0.24860629317992777,0.47903498524195426,1.1408554550411707,1.5958389039819867,1.2354533899768592,2.121258872976269,5.0,4.5,1.57
2025-11-01,Heidenheim,Ein Frankfurt,1,1,D,0.2330509595025824,0.19949958387448324,0.5674241736722359,1.4047105941438,2.2578538683177785,1.3197317842234741,1.632731590183515,3.6,4.0,1.9
2025-11-01,Mainz,Werder Bremen,1,1,D,0.5066620243871498,0.2270137497977905,0.26631999996818934,1.8531348246868624,1.288486084782131,1.729399636798536,1.2397678323674843,1.95,3.9,3.5
2025-11-01,RB Leipzig,Stuttgart,3,1,H,0.5843109553921667,0.20976519149765524,0.2059128703747124,2.061017587879463,1.1464358610226766,2.061017587879463,1.1464358610226766,1.95,3.9,3.5
2025-11-01,St Pauli,M'gladbach,0,4,A,0.4256981432266338,0.24321437367530213,0.3310862905322016,1.5884921018011067,1.3741931090825497,1.081686965471146,1.1125388832820877,2.15,3.5,3.3
2025-11-01,Union Berlin,Freiburg,0,0,D,0.31655650158917203,0.2592507902897938,0.42419227522206293,1.2062533960139021,1.438202192206741,1.2918844365158337,1.1698237178217854,2.5,3.3,2.75
2025-11-01,Bayern Munich,Leverkusen,3,0,H,0.7099184311838682,0.1753964170786376,0.11465619741807173,2.2952974319342982,0.8021441576031269,2.4599739595790484,1.3781413560733624,1.22,7.0,9.5
2025-11-02,FC Koln,Hamburg,4,1,H,0.45028006077458027,0.2956735860662826,0.25404627816773306,1.2200314145541047,0.8382335894487873,1.2200314145541047,0.8382335894487873,2.1,3.7,3.2
2025-11-02,Wolfsburg,Hoffenheim,2,3,A,0.5087202681210663,0.21858491285621579,0.27268733142249046,1.9694334124174238,1.3973860071405981,1.8496162146921402,1.4382435411303434,2.75,3.9,2.3
2025-11-07,Werder Bremen,Wolfsburg,2,1,H,0.4828465213930697,0.22676717388192866,0.2903821112455046,1.8448324451781295,1.3887156261464266,1.6650011792860417,1.379990414111962,2.15,3.6,3.1
2025-11-08,M'gladbach,FC Koln,3,1,H,0.4760517118989645,0.23664725354976715,0.2872988804495801,1.719399045064202,1.2867128210164438,1.719399045064202,1.2867128210164438,2.2,3.6,3.1
2025-11-08,Union Berlin,Bayern Munich,2,2,D,0.0918072608123949,0.15885068915086936,0.7492960984094921,0.7200536723575125,2.417875939763101,0.9884758171097062,2.2300828514955415,13.0,7.0,1.2
2025-11-08,Hamburg,Dortmund,1,1,D,0.16264976876929144,0.20335980862325861,0.6339790293815708,0.9424355961670384,2.0700205020318903,0.9424355961670384,2.0700205020318903,4.33,4.2,1.7
2025-11-08,Hoffenheim,RB Leipzig,3,1,H,0.2704955126606787,0.21599716567412172,0.5134983676032996,1.414691178599727,2.008565558975423,1.414691178599727,2.008565558975423,2.6,3.9,2.4
2025-11-08,Leverkusen,Heidenheim,6,0,H,0.6819959432486351,0.18464139153725395,0.13333930141922012,2.240947827037549,0.8797194118281442,2.6287717255535212,0.8696812153515704,1.4,5.0,6.5
2025-11-09,Freiburg,St Pauli,2,1,H,0.5745942077257467,0.23636371692345556,0.18903996148622293,1.7265400650879303,0.8776118512110072,1.3723313467399907,0.6886609754432679,1.83,3.5,4.5
2025-11-09,Stuttgart,Augsburg,3,2,H,0.6191445131686986,0.20288107369777827,0.1779607981826074,2.110742554151164,1.040254768394089,2.0075703369165088,1.0565001662749929,1.55,4.33,5.75
2025-11-09,Ein Frankfurt,Mainz,1,0,H,0.5391629140707388,0.20472073898677093,0.2560970768381061,2.187698820423095,1.4710204292454525,1.712666949242651,1.198327910667377,1.83,4.0,3.9
2025-11-21,Mainz,Hoffenheim,1,1,D,0.5858224662632705,0.20514108361066796,0.20902140287022714,2.133347251075402,1.2058282616260543,1.8481159631723416,1.343665868188429,2.6,3.6,2.7
2025-11-22,Wolfsburg,Leverkusen,1,3,A,0.28618329261780295,0.24059708668559596,0.4732179577797448,1.2499522277773558,1.6733005846170015,1.252352304758409,1.9034942966573158,3.5,3.75,2.0
2025-11-22,Heidenheim,M'gladbach,0,3,A,0.41840585863388413,0.22352593262586748,0.35806356030790687,1.8049807305817398,1.658464773982301,1.552911890062664,1.55101853226918,3.2,3.6,2.15
2025-11-22,FC Koln,Ein Frankfurt,3,4,A,0.34713097526970316,0.24947421257329117,0.4033940752613228,1.3645849379707147,1.4897789411002074,1.3645849379707147,1.4897789411002074,3.0,3.75,2.2
2025-11-22,Bayern Munich,Freiburg,6,2,H,0.7662939856546811,0.14717070105180563,0.08645508009470394,2.576816651836483,0.7529093645473602,2.909813309450413,0.9323891893204171,1.17,8.0,13.0
2025-11-22,Augsburg,Hamburg,1,0,H,0.4682365406824643,0.2753012859356654,0.2564619463710231,1.3656339705313398,0.9333657718412669,1.3656339705313398,0.9333657718412669,2.35,3.5,2.9
2025-11-22,Dortmund,Stuttgart,3,3,D,0.4860089889998228,0.2107887413660928,0.3031891664886385,2.0809217546108663,1.6203540114278951,2.3634481533193203,1.3017733672630716,1.75,4.0,4.33
2025-11-23,RB Leipzig,Werder Bremen,2,0,H,0.6577732370753694,0.1853690415306488,0.15682611466281812,2.317836894296707,1.0469537781309854,2.317836894296707,1.0469537781309854,1.45,5.0,6.0
2025-11-23,St Pauli,Union Berlin,0,1,A,0.38282046540177506,0.28166665070807645,0.3355127873693457,1.2091479301341999,1.1129548829400502,0.8262205327174158,0.9330525407129507,2.45,3.3,2.9
2025-11-28,M'gladbach,RB Leipzig,0,0,D,0.2767159487050158,0.2218316073261206,0.5014464636127139,1.3818262021224614,1.9211288594298657,1.3818262021224614,1.9211288594298657,2.88,3.7,2.3
2025-11-29,Werder Bremen,FC Koln,1,1,D,0.4785074812145482,0.23818745919235898,0.28330309501196843,1.7039737831560484,1.2591558004154404,1.7039737831560484,1.2591558004154404,2.25,3.8,2.9
2025-11-29,Union Berlin,Heidenheim,1,2,A,0.49996343751806127,0.2441050483491242,0.25593008369952813,1.653409130525997,1.111843916601114,1.5604928812722163,0.950620528451208,1.67,4.0,5.0
2025-11-29,Leverkusen,Dortmund,1,2,A,0.473662232061976,0.23685225101647872,0.289483404156457,1.7151081418348246,1.292934338186652,2.12502693530944,1.5343774006353847,2.55,3.6,2.63
2025-11-29,Bayern Munich,St Pauli,3,1,H,0.8509017606986232,0.10573228605570957,0.04315485464311695,2.8854647993225075,0.5276541925911242,2.6559262228130853,0.5328748724108213,1.1,10.0,21.0
2025-11-29,Hoffenheim,Augsburg,3,0,H,0.44463509328451034,0.252106719909983,0.3032574531632442,1.5285113485577113,1.2181996912322304,1.991338093824896,1.2725609193098235,1.67,4.33,4.5
2025-11-30,Hamburg,Stuttgart,2,1,H,0.24564328976931285,0.26630224624666693,0.4880540672336979,0.9429967161206273,1.4475586703733625,0.9429967161206273,1.4475586703733625,3.0,3.75,2.2
2025-11-30,Ein Frankfurt,Wolfsburg,1,1,D,0.641887431661651,0.1770518164394735,0.18098543135155182,2.557534357479356,1.319676675192559,1.8778560504797004,1.1980316913341171,1.73,4.2,4.2
2025-11-30,Freiburg,Mainz,4,0,H,0.45531237390775237,0.24260722526644027,0.3020790198663008,1.6344091762958972,1.288407664106544,1.498301866947479,1.185756869957304,1.91,3.4,4.2
2025-12-05,Mainz,M'gladbach,0,1,A,0.6014793010453483,0.19329690992624468,0.20519178188830922,2.320099663700493,1.303259057318669,1.744261841304672,1.2850991434608474,2.55,3.4,2.63
2025-12-06,Wolfsburg,Union Berlin,3,1,H,0.45434873515084917,0.24783170655258713,0.29781856548942864,1.5804831490588094,1.2329244661004704,1.4031398476314976,1.0949101708064821,2.15,3.4,3.5
2025-12-06,Augsburg,Leverkusen,2,0,H,0.2515601958599828,0.26303615244035383,0.48540318383289527,0.9801624563827628,1.471887362537913,1.0829211838180788,2.090048197364619,3.7,4.0,1.9
2025-12-06,FC Koln,St Pauli,1,1,D,0.4827949233370896,0.2954381731030712,0.2217668101652764,1.2496100834798651,0.7455053974686163,1.2496100834798651,0.7455053974686163,1.95,3.6,3.8
2025-12-06,Heidenheim,Freiburg,2,1,H,0.2811607499812018,0.2399874989454652,0.47884999585354115,1.2367112626600494,1.6844072475614327,1.2853430857928698,1.4869922540975633,3.9,3.6,1.91
2025-12-06,Stuttgart,Bayern Munich,0,5,A,0.16435846936889678,0.1803646404681284,0.655228569204231,1.1519797757492054,2.431466843773896,1.3514707320996493,2.4369383967302216,5.75,5.0,1.45
2025-12-06,RB Leipzig,Ein Frankfurt,6,0,H,0.5751460906294285,0.21336957641633994,0.21147530607655207,2.0171845435812,1.1459711966788024,2.0171845435812,1.1459711966788024,1.73,4.2,4.2
2025-12-07,Dortmund,Hoffenheim,2,0,H,0.6478187718000872,0.18207420087971407,0.17006041407830608,2.4214948225298767,1.1776838548091726,2.8318759171162085,1.294888854878458,1.62,4.5,4.75
2025-12-07,Hamburg,Werder Bremen,3,2,H,0.33935547778438524,0.27528010085847243,0.3853642805063827,1.159462623104133,1.254582533474468,1.159462623104133,1.254582533474468,2.25,3.5,3.0
2025-12-12,Union Berlin,RB Leipzig,3,1,H,0.2632318562796654,0.25722512708448236,0.4795423856663966,1.0531967006797969,1.5167496603501691,1.0531967006797969,1.5167496603501691,3.2,3.5,2.2
2025-12-13,Ein Frankfurt,Augsburg,1,0,H,0.6529630167838679,0.18914472766166676,0.15786692161668717,2.2611685949027414,1.0214512683425407,2.0215417536501454,1.0363126158561922,1.7,4.2,4.33
2025-12-13,Hoffenheim,Hamburg,4,1,H,0.5510963570687777,0.2358530816448598,0.2130482273022648,1.7442926415408575,0.9892906656191197,1.7442926415408575,0.9892906656191197,1.7,4.33,4.2
2025-12-13,M'gladbach,Wolfsburg,1,3,A,0.43664138361427907,0.21892803431629856,0.34442384337215076,1.900059558967439,1.6727077521054854,1.7553393308674023,1.4032272042113485,1.95,3.8,3.6
2025-12-13,St Pauli,Heidenheim,2,1,H,0.4510214728352323,0.2607883597655308,0.28818971343654953,1.4599070720302234,1.112231024085727,1.0526926875855245,0.9314219401477624,1.95,3.4,4.0
2025-12-13,Leverkusen,FC Koln,2,0,H,0.7057998990382266,0.17024357160530895,0.12390937494348789,2.424946606178703,0.9181402487932842,2.424946606178703,0.9181402487932842,1.55,4.33,5.25
2025-12-14,Freiburg,Dortmund,1,1,D,0.4052005536425981,0.23965654600270553,0.3551414683002948,1.5897169910945377,1.474752205640482,1.4602709646893273,1.849437355590945,3.25,3.5,2.15
2025-12-14,Bayern Munich,Mainz,2,2,D,0.7892619771171179,0.133493779673703,0.07710208368042651,2.75388966024608,0.7614956949853361,2.9229317915496815,0.882261169806522,1.09,11.0,21.0
2025-12-14,Werder Bremen,Stuttgart,0,4,A,0.3672224392909965,0.22062123740646794,0.4121505895805985,1.7214700898084752,1.831806839550357,1.6478744076418819,1.6023996491317178,2.9,3.8,2.25
2025-12-19,Dortmund,M'gladbach,2,0,H,0.6689049402224192,0.1686488330808004,0.16234297858850955,2.6527275361625486,1.2688611913750365,2.7185228673772386,1.215243445926559,1.55,4.5,5.5
2025-12-20,RB Leipzig,Leverkusen,1,3,A,0.4322857487321288,0.2339209193004235,0.3337910565122725,1.6998284679915985,1.469824486460921,1.6998284679915985,1.469824486460921,2.1,3.8,3.2
2025-12-20,Wolfsburg,Freiburg,3,4,A,0.3434924536223252,0.24310075072403256,0.4134056397060415,1.410646160434688,1.5692831203909272,1.5138502078488876,1.306180906541925,2.5,3.6,2.75
2025-12-20,Stuttgart,Hoffenheim,0,0,D,0.6493793444647478,0.17419005254097064,0.1763442052570905,2.5983579314601344,1.3180790368562245,2.1392616800516167,1.445753089474851,2.0,3.8,3.4
2025-12-20,Augsburg,Werder Bremen,0,0,D,0.3564561115202438,0.2635950979209092,0.37994850812061726,1.2767718171850624,1.3269453664592183,1.4848857180059456,1.428288060342969,2.25,3.5,3.1
2025-12-20,FC Koln,Union Berlin,0,1,A,0.40703389859591027,0.2752060663385458,0.3177598783258696,1.291724574824614,1.107442181041053,1.291724574824614,1.107442181041053,2.3,3.3,3.1
2025-12-20,Hamburg,Ein Frankfurt,1,1,D,0.28291855521942,0.24814397882745962,0.4689364356868512,1.1808220515163328,1.592040011691577,1.1808220515163328,1.592040011691577,2.6,3.6,2.55
2025-12-21,Mainz,St Pauli,0,0,D,0.5687296807964699,0.23365661431166912,0.19761116942277746,1.7600598968413168,0.9325913209978278,1.3230902501650725,0.6964662379245967,1.95,3.4,4.1
2025-12-21,Heidenheim,Bayern Munich,0,4,A,0.0681746940681495,0.12448546501655892,0.8071539909262702,0.7288062244321173,2.842202725508071,0.9909291428654106,2.8637162307003052,13.0,9.5,1.14
2026-01-09,Ein Frankfurt,Dortmund,3,3,D,0.48287695858029206,0.2080253931189083,0.3090815319036043,2.125167620466586,1.681901987042556,1.608573358181436,1.8618822271068698,3.6,3.8,1.95
2026-01-10,Heidenheim,FC Koln,2,2,D,0.38942622813020134,0.25895432581539873,0.351619060256897,1.381699815046138,1.2998903101427308,1.381699815046138,1.2998903101427308,2.9,3.5,2.38
2026-01-10,Union Berlin,Mainz,2,2,D,0.3504423880314731,0.25609282800834876,0.3934643163980971,1.3191058173043289,1.412974534541915,1.2660408481136978,1.0928836898712342,2.15,3.25,3.7
2026-01-10,Freiburg,Hamburg,2,1,H,0.5742719308022782,0.23229096768500684,0.19343440524875494,1.7716715442891933,0.9211515151104364,1.7716715442891933,0.9211515151104364,1.8,3.6,4.5
2026-01-10,Leverkusen,Stuttgart,1,4,A,0.49945507331475214,0.2220802835892402,0.27845876887651955,1.9169349121537291,1.386730794718129,2.338694153446083,1.163613684173803,1.95,4.1,3.4
2026-01-11,Bayern Munich,Wolfsburg,8,1,H,0.8658735815620469,0.0901416161077868,0.04333414555252373,3.3081623322642626,0.6758454467087647,3.182863871700355,0.9317649529906138,1.11,11.0,17.0
2026-01-11,M'gladbach,Augsburg,4,0,H,0.45275938371899893,0.24121383002293828,0.3060252904954888,1.646217770885742,1.313175376721055,1.8667995769516605,1.1963486163220174,1.85,3.8,4.0
2026-01-13,Stuttgart,Ein Frankfurt,3,2,H,0.45361327762797976,0.20106100468025132,0.3452981596461815,2.2200567568941434,1.933541466844542,1.782981538184882,1.4347388475713378,1.73,4.2,4.2
2026-01-13,Dortmund,Werder Bremen,3,0,H,0.5725228305794218,0.207886071963406,0.2195777145166815,2.1055248189617006,1.2395072427521228,2.6585585488133026,1.136655618162284,1.4,5.0,7.0
2026-01-13,Mainz,Heidenheim,2,1,H,0.6173013624651984,0.20261513720978852,0.180069393069037,2.1189760180497963,1.0553391295828762,1.782737086363124,0.9959975745042954,1.75,3.8,4.33
2026-01-14,Wolfsburg,St Pauli,2,1,H,0.4764723092277907,0.25097175993051657,0.27255503651157575,1.5711979360105284,1.125321955218238,1.352357279706562,0.7624058608413017,1.91,3.7,3.8
2026-01-14,FC Koln,Bayern Munich,1,3,A,0.1308812556511758,0.16432642181479945,0.704713560095942,1.0346980294356867,2.5712827874215387,1.0346980294356867,2.5712827874215387,10.5,7.5,1.22
2026-01-14,Hoffenheim,M'gladbach,5,1,H,0.47631625482732515,0.2113879830261425,0.3122832942948957,2.0639968865593468,1.6506541016575453,2.024319862421971,1.5921005042063276,1.85,3.9,3.8
2026-01-14,RB Leipzig,Freiburg,2,0,H,0.6047145782216523,0.20931652572379336,0.18595904409504493,2.0371622878145255,1.0371394146135182,2.0371622878145255,1.0371394146135182,1.7,4.0,4.5
2026-01-15,Augsburg,Union Berlin,1,1,D,0.386222413683757,0.2823852634340549,0.33139222886403985,1.2107274327167419,1.099466708474842,1.1953098880085415,1.1878893317047061,2.6,3.2,2.8
2026-01-16,Werder Bremen,Ein Frankfurt,3,3,D,0.33977734713334495,0.21579607466936168,0.4444179506979035,1.6971581125902242,1.9579886094091894,1.5768438935580826,1.6190728357168795,2.7,3.5,2.5
2026-01-17,RB Leipzig,Bayern Munich,1,5,A,0.30277599356725426,0.21687334390404622,0.4803423070898972,1.5442054165873806,1.9814583874701568,1.5442054165873806,1.9814583874701568,5.0,4.75,1.55
2026-01-17,Wolfsburg,Heidenheim,1,1,D,0.5194703427548202,0.2239310857805018,0.25659339159180894,1.8957935078925647,1.2741681160595046,1.8584374995395048,1.1128983496985672,1.67,4.0,5.0
2026-01-17,Hoffenheim,Leverkusen,1,0,H,0.2613272016300247,0.23033838857943,0.5083310075112131,1.2385868195396492,1.8115694172822794,1.4614089456944173,2.1704754625819414,2.4,3.8,2.7
2026-01-17,Dortmund,St Pauli,3,2,H,0.6292421378150019,0.20825521442575892,0.162494081321646,2.006575300726445,0.9079410515614224,2.0617289054906722,0.6484513973010816,1.33,5.25,10.0
2026-01-17,FC Koln,Mainz,2,1,H,0.3838369753688575,0.26553644620386146,0.35062632630302304,1.3200571696549197,1.2495277508374147,1.3200571696549197,1.2495277508374147,2.15,3.5,3.25
2026-01-17,Hamburg,M'gladbach,0,0,D,0.347256080520054,0.25012789167212435,0.4026153232728332,1.3594101625484385,1.4823486103513561,1.3594101625484385,1.4823486103513561,2.45,3.5,2.8
2026-01-18,Stuttgart,Union Berlin,1,1,D,0.5855770353209451,0.20677511058182,0.20763442910011826,2.1068077650556574,1.1827083822970883,1.674476517548778,1.0650397211534064,1.65,3.9,5.25
2026-01-18,Augsburg,Freiburg,2,2,D,0.2921829920068527,0.26680170502584166,0.4410149965686106,1.0872251539141236,1.4001335320231978,1.2716769580406337,1.4252485031823425,2.9,3.3,2.45
2026-01-23,St Pauli,Hamburg,0,0,D,0.3866460315964202,0.3249611286745974,0.28839282844587943,0.9992661122729662,0.8185031097636309,0.9992661122729662,0.8185031097636309,2.88,2.9,2.75
2026-01-24,Mainz,Wolfsburg,3,1,H,0.557976542315487,0.21487159714656465,0.2271430679933424,2.010610686494632,1.21502581512559,1.5919387596165835,1.1784123844216325,2.3,3.5,3.0
2026-01-24,Union Berlin,Dortmund,0,3,A,0.30968242313645933,0.24471710511392805,0.4455993067707947,1.2958088759954254,1.6011851829649875,1.2009628496564366,1.7259048848338063,3.6,3.5,2.05
2026-01-24,Leverkusen,Werder Bremen,1,0,H,0.5775385150447572,0.21873240053094792,0.20372285200158874,1.9379844885148416,1.0623558239125652,2.6112362282011983,1.0363221289547349,1.62,4.2,5.25
2026-01-24,Ein Frankfurt,Hoffenheim,1,3,A,0.6776777494460869,0.1630331449943304,0.1591440011375102,2.7601849422983,1.312843363981993,2.1148089383635975,1.4341421602522688,2.8,3.75,2.3
2026-01-24,Bayern Munich,Augsburg,1,2,A,0.8476232588771276,0.10782584805745207,0.04435525821518751,2.859527027030089,0.5304232456595056,3.472762230231637,0.7691099340424307,1.1,12.0,17.0
2026-01-24,Heidenheim,RB Leipzig,0,3,A,0.20331881151636483,0.21737131613735655,0.5793031167684635,1.0705682396306473,1.9549646240876037,1.0705682396306473,1.9549646240876037,5.0,4.5,1.57
2026-01-25,M'gladbach,Stuttgart,0,3,A,0.2924340587156271,0.19836380477464585,0.5091687155009681,1.7424727843238106,2.313926324488443,1.685538204817446,1.6605355396550916,3.0,3.75,2.2
2026-01-25,Freiburg,FC Koln,2,1,H,0.5126226934624762,0.24115306764887184,0.2462225022200764,1.688663514665035,1.0943655345606962,1.688663514665035,1.0943655345606962,1.9,3.75,3.8
2026-01-27,St Pauli,RB Leipzig,1,1,D,0.19318732354335888,0.26866521854335246,0.5381470668759056,0.7469489911795134,1.4473006951977156,0.7469489911795134,1.4473006951977156,4.5,3.5,1.8
2026-01-27,Werder Bremen,Hoffenheim,0,2,A,0.5242425794302478,0.2179552042453224,0.25779448314912545,1.9794215706242497,1.336051824431575,1.8338045310879576,1.6173501287818506,3.7,3.6,2.0
2026-01-30,FC Koln,Wolfsburg,1,0,H,0.4171251556071439,0.25201181391698313,0.3308623752296582,1.4902462182201741,1.3000590868601087,1.4902462182201741,1.3000590868601087,1.95,3.8,3.5
2026-01-31,Hoffenheim,Union Berlin,3,1,H,0.41115163573338753,0.24665132574782578,0.3421961313706101,1.5302923588653918,1.3755808202493955,1.6589206811456485,1.2305397861161038,1.8,3.8,4.33
2026-01-31,Augsburg,St Pauli,2,1,H,0.4134359626239451,0.2907794222484517,0.2957845437300255,1.2033744912674533,0.9702509147167736,1.1416124310993867,0.8159548743249526,2.0,3.3,4.1
2026-01-31,Ein Frankfurt,Leverkusen,1,3,A,0.44163905379794144,0.2256778318722014,0.33267896047215484,1.815247935318495,1.5535558326566268,1.4718080555955382,1.8452953939981342,3.0,3.8,2.2
2026-01-31,RB Leipzig,Mainz,1,2,A,0.605758269914138,0.2135697175948497,0.18066466479318086,1.9732544372998602,0.9759905702372718,1.9732544372998602,0.9759905702372718,1.55,4.5,5.5
2026-01-31,Werder Bremen,M'gladbach,1,1,D,0.5410946566280787,0.2068603561388568,0.2520286095287861,2.149490999524696,1.4249195363941427,1.7969489419230713,1.5084090028765058,2.45,3.6,2.75
2026-01-31,Hamburg,Bayern Munich,2,2,D,0.09591864751410831,0.15624365544685145,0.7477781755440567,0.7775050575630583,2.4900906106937004,0.7775050575630583,2.4900906106937004,8.0,6.5,1.29
2026-02-01,Stuttgart,Freiburg,1,0,H,0.48445503340325036,0.22001052775781996,0.295527732524426,1.9383191807435654,1.4792716045304983,1.7926190040346859,1.2833427478470656,1.67,4.1,4.75
2026-02-01,Dortmund,Heidenheim,3,2,H,0.6801022160262559,0.17612506020126334,0.14372620173377096,2.4211812783259568,1.030569655269328,2.8281542318114217,0.9353308826337354,1.22,6.5,12.0
2026-02-06,Union Berlin,Ein Frankfurt,1,1,D,0.3034059443678495,0.22655842045307012,0.47003147859426164,1.4406585360479411,1.837214993029836,1.3505998316562606,1.3337133104330599,2.0,3.5,3.6
2026-02-07,Wolfsburg,Dortmund,1,2,A,0.2983570772226394,0.22379576562190645,0.4778420554968221,1.4499923445119447,1.8806769205649176,1.3925685285565443,2.0205149735670074,4.2,4.2,1.73
2026-02-07,M'gladbach,Leverkusen,1,1,D,0.2551822403669596,0.21696126218845302,0.5278482561617659,1.3336236680469673,1.9935542845716296,1.3594350313835089,2.110768897158519,3.5,3.75,2.0
2026-02-07,St Pauli,Stuttgart,2,1,H,0.27114659772022254,0.2341743486103829,0.4946764316460789,1.2461850863869672,1.7601412690771647,0.9202229096522067,1.2854026531352307,4.33,3.75,1.8
2026-02-07,Mainz,Augsburg,2,0,H,0.5547652597023649,0.23817014569281597,0.20706257794407723,1.7176501033224643,0.9485987414820014,1.6671095780649972,1.0001590611658715,2.05,3.6,3.5
2026-02-07,Heidenheim,Hamburg,0,2,A,0.42007677634539115,0.27654770053271055,0.30337536546881627,1.302022230270587,1.0623720838668262,1.302022230270587,1.0623720838668262,2.88,3.5,2.45
2026-02-07,Freiburg,Werder Bremen,1,0,H,0.5165706692612155,0.23061763708218222,0.25280834530905427,1.8097378678847904,1.2004118616330703,1.809992221535834,1.216298476679962,1.83,3.75,4.2
2026-02-08,FC Koln,RB Leipzig,1,2,A,0.25059829427311364,0.238121159741971,0.5112784596298175,1.1334470298091373,1.721262440106046,1.1334470298091373,1.721262440106046,3.25,3.8,2.1
2026-02-08,Bayern Munich,Hoffenheim,5,1,H,0.8736329806190981,0.0844739161631735,0.04101071537868325,3.4367060598831722,0.6963611757729055,3.5728593829780912,1.0881394864998544,1.29,7.0,7.5
2026-02-13,Dortmund,Mainz,4,0,H,0.5104365859472313,0.22318185116641,0.266376100313921,1.9049231110085818,1.3241158484585849,2.2443199893983907,1.0927392356129457,1.53,4.5,5.5
2026-02-14,Stuttgart,FC Koln,3,1,H,0.5577541333012113,0.22331106730146125,0.21892978169666844,1.892680682029374,1.1038663835852884,1.892680682029374,1.1038663835852884,1.45,4.75,6.5
2026-02-14,Leverkusen,St Pauli,4,0,H,0.6280720949938305,0.2200391851176927,0.15188465862140388,1.8511989804560458,0.7792648718391447,2.005741400210803,0.6154061713235685,1.45,3.75,6.5
2026-02-14,Werder Bremen,Bayern Munich,0,3,A,0.11980347782638104,0.1680090772587993,0.7121375525689112,0.9015684762752522,2.440536063218675,1.16826266012928,2.7836422255689426,8.0,6.0,1.3
2026-02-14,Hamburg,Union Berlin,3,2,H,0.34533157783618396,0.3013702278334681,0.35329816457325247,1.031762126748209,1.0472175212675658,1.031762126748209,1.0472175212675658,2.5,3.25,2.9
2026-02-14,Ein Frankfurt,M'gladbach,3,0,H,0.6983512267444185,0.15029494044558792,0.15103929210733064,3.0261961583033044,1.4186952783580191,2.05966155812144,1.3536615709281283,1.95,3.5,4.0
2026-02-14,Hoffenheim,Freiburg,3,0,H,0.3195713740295712,0.23325656111839227,0.4471695802911731,1.430693790839623,1.7286249556028201,1.7677426647208079,1.4803407894979146,1.73,3.9,4.5
2026-02-15,Augsburg,Heidenheim,1,0,H,0.4587308722493515,0.2606308424357578,0.28063780935595184,1.4693849025710748,1.0895859725898993,1.5693229384007563,1.1480342480258268,1.85,3.6,4.2
2026-02-15,RB Leipzig,Wolfsburg,2,2,D,0.6466381900430296,0.1931620287710345,0.16017940023188978,2.20707839416295,1.0040293544312529,2.20707839416295,1.0040293544312529,1.44,4.75,6.5
2026-02-20,Mainz,Hamburg,1,1,D,0.4930520142350311,0.2624688365398389,0.24447865384501735,1.4812834171654954,0.9589437641482057,1.4812834171654954,0.9589437641482057,2.1,3.4,3.5
2026-02-21,RB Leipzig,Dortmund,2,2,D,0.4528221780358209,0.22337116467242232,0.3238016395870425,1.8610123196631836,1.5491011167510451,1.8610123196631836,1.5491011167510451,2.15,3.8,3.1
2026-02-21,Bayern Munich,Ein Frankfurt,3,2,H,0.7605890538247606,0.13456926754945242,0.10452396161445829,3.030211648613313,1.0952610493424484,3.1434845803053335,1.073490928258635,1.14,9.5,13.0
2026-02-21,FC Koln,Hoffenheim,2,2,D,0.4033148375044127,0.23700125002085898,0.3596821959520282,1.6143477961682775,1.513231237221205,1.6143477961682775,1.513231237221205,3.3,3.8,2.05
2026-02-21,Union Berlin,Leverkusen,1,0,H,0.28267817085568303,0.25973693617609467,0.4575843950297182,1.1016354238001334,1.4757253675897646,1.0808843027302708,1.708349330571905,3.0,3.3,2.38
2026-02-21,Wolfsburg,Augsburg,2,3,A,0.46245859295124003,0.2540415468507014,0.2834991528646942,1.530439326832458,1.1414638035791136,1.7165167875329401,1.1103642508470966,2.05,3.4,3.75
2026-02-22,Heidenheim,Stuttgart,3,3,D,0.2525827212466742,0.2087109764383912,0.5386918811883865,1.407096464241767,2.1195388520501326,1.292229699961166,1.7417443700459683,4.5,4.0,1.7
2026-02-22,St Pauli,Werder Bremen,2,1,H,0.3389902486093899,0.2680994658203062,0.3929100640267186,1.2044573860970549,1.318089548194457,1.0521423217084511,1.0951076455089108,2.75,3.1,2.75
2026-02-22,Freiburg,M'gladbach,2,1,H,0.5957369493491367,0.1992202138821769,0.20502130031252128,2.2197791615556164,1.239659077669908,1.825639234807296,1.2922790539366702,1.95,3.25,4.33
2026-02-27,Augsburg,FC Koln,2,0,H,0.4059096089480214,0.26234745686705885,0.33174260411784157,1.3842765821852847,1.2255601511096295,1.3842765821852847,1.2255601511096295,2.2,3.5,3.25
2026-02-28,Hoffenheim,St Pauli,0,1,A,0.46823368728064474,0.24658589027466166,0.28517929297691136,1.6067939604471182,1.2000235357374687,1.636619665995113,0.8629748047302318,1.48,4.75,6.0
2026-02-28,Leverkusen,Mainz,1,1,D,0.5200913190535427,0.23535323883795092,0.24455295821834377,1.7540206444141462,1.1289074226826712,2.173600388401674,0.9711875596889709,1.7,4.0,4.5
2026-02-28,M'gladbach,Union Berlin,1,0,H,0.4133682349509745,0.23599053269086856,0.3506393534828036,1.644538295803968,1.4987774694788993,1.5346640534440086,1.2158154483496957,2.38,3.3,3.0
2026-02-28,Werder Bremen,Heidenheim,2,0,H,0.5685507189692685,0.2184528564953968,0.21298980420583796,1.9503786941932284,1.1121898462568427,1.8429113006370894,1.1679054497570522,1.75,4.0,4.33
2026-02-28,Dortmund,Bayern Munich,2,3,A,0.1913080993251769,0.19754658876232503,0.6111238510426362,1.1702747298382787,2.2193387700023446,1.7933006458707241,2.2201094371958505,4.5,4.75,1.6
2026-03-01,Ein Frankfurt,Freiburg,2,0,H,0.5269335524206868,0.21198181618448408,0.2610729226234997,2.0702278872661033,1.4135610538268093,1.7743964506987886,1.2811661281801863,2.2,3.5,3.2
2026-03-01,Hamburg,RB Leipzig,1,2,A,0.2476365274739574,0.2504027591664361,0.501959720951395,1.0393886032577844,1.592101465581543,1.0393886032577844,1.592101465581543,3.3,3.5,2.15
2026-03-01,Stuttgart,Wolfsburg,4,0,H,0.6244936293529693,0.1829690855397447,0.19247996300398587,2.4785429298559905,1.3348443220306356,1.9693666244463286,1.2403432330906792,1.5,4.75,5.25
2026-03-04,Hamburg,Leverkusen,0,1,A,0.2182679511109586,0.2334321933402036,0.5482971363285295,1.0283261607769045,1.7726510554004535,1.0283261607769045,1.7726510554004535,3.5,3.6,2.05
2026-03-06,Bayern Munich,M'gladbach,4,1,H,0.8916627563081521,0.06981471051147187,0.036248096031887056,3.8834097610415483,0.8020717647975038,3.560235213655494,0.9876968707647062,1.2,8.5,9.5
2026-03-07,Freiburg,Leverkusen,3,3,D,0.3641396548710743,0.2585584289832555,0.3773015279577249,1.3320607483761395,1.3605857621388133,1.2850928105515145,1.7765274691103048,2.9,3.3,2.4
2026-03-07,Heidenheim,Hoffenheim,2,4,A,0.4020909936924293,0.23211968306158046,0.3657868992259493,1.666484536091168,1.5809210455344263,1.4985101114938824,1.7361135671701662,5.0,4.5,1.57
2026-03-07,Mainz,Stuttgart,2,2,D,0.41841987008976084,0.2231794903536152,0.35839586988805955,1.8096005275911096,1.6636698896292423,1.509538203296685,1.381688192699095,3.2,3.6,2.15
2026-03-07,RB Leipzig,Augsburg,2,1,H,0.6940054350615839,0.17968565307873838,0.126281068110639,2.285262272461467,0.8628269861036483,2.285262272461467,0.8628269861036483,1.42,5.0,6.5
2026-03-07,Wolfsburg,Hamburg,1,2,A,0.4745518934318623,0.2560066290746053,0.2694408140895618,1.5236009638338677,1.0818134172268645,1.5236009638338677,1.0818134172268645,2.3,3.5,3.0
2026-03-07,FC Koln,Dortmund,1,2,A,0.23483901623184023,0.21542917374340262,0.5497231033399705,1.2490450165438198,2.007886598496869,1.2490450165438198,2.007886598496869,4.1,4.0,1.75
2026-03-08,St Pauli,Ein Frankfurt,0,0,D,0.2524639017079393,0.22592589732767956,0.5216056675272024,1.2382439461954102,1.8694233051913893,0.964981162394746,1.268871816464243,2.63,3.4,2.6
2026-03-08,Union Berlin,Werder Bremen,1,4,A,0.3957683796795046,0.25863820655612824,0.3455930135405231,1.3962115303431697,1.2875766937618165,1.4846603813874983,1.1264201262055589,2.25,3.4,3.25
2026-03-13,M'gladbach,St Pauli,2,0,H,0.46614278395497305,0.23907624291601803,0.294779180239831,1.6835103880077835,1.2929370328191006,1.4302167654894526,0.8558355791230717,1.91,3.4,4.2
2026-03-14,Hoffenheim,Wolfsburg,1,1,D,0.4448490825958848,0.2231844672729795,0.3319614469279243,1.8529884147032778,1.5794881772646188,1.9815309319216214,1.4257799182252697,1.44,4.75,6.5
2026-03-14,Leverkusen,Bayern Munich,1,1,D,0.21248736207615998,0.22234858648776423,0.5651588502030074,1.0795652682210135,1.9002706481715548,1.715869106074495,2.0129922630054367,5.25,4.33,1.55
2026-03-14,Dortmund,Augsburg,2,0,H,0.6192227882634197,0.2114631155119539,0.16930651526772156,1.9800575561228355,0.9262730624619433,2.6311542622980806,0.9472306396224467,1.42,4.75,7.0
2026-03-14,Ein Frankfurt,Heidenheim,1,0,H,0.7130486268681571,0.15518597353720387,0.1316176994597787,2.766187919377741,1.14338818462488,2.2006706175219146,1.0367072480131505,1.53,4.5,5.5
2026-03-14,Hamburg,FC Koln,1,1,D,0.4338713860316254,0.27511020099640876,0.29101822665196064,1.330364240233532,1.0364986006527879,1.330364240233532,1.0364986006527879,2.1,3.6,3.25
2026-03-15,Freiburg,Union Berlin,0,1,A,0.5181872009503795,0.24541914277012353,0.23639230206748343,1.6457807937712814,1.0272346685527143,1.4752163288623172,1.0360369844707822,2.15,3.3,3.5
2026-03-15,Werder Bremen,Mainz,0,2,A,0.40112880469959067,0.24433393482958596,0.35453622865306267,1.5344480094703552,1.429045685316573,1.455415943642511,1.3466657262632908,2.2,3.5,3.2
2026-03-15,Stuttgart,RB Leipzig,1,0,H,0.35558855285539326,0.23523998351525882,0.4091695004997359,1.520198893996929,1.645067230071824,1.520198893996929,1.645067230071824,2.3,3.9,2.7
