date,home_team,away_team,home_goals,away_goals,home_xg,away_xg
2024-08-23,M'gladbach,Leverkusen,2,3,1.52,3.24
2024-08-24,RB Leipzig,Bochum,1,0,0.94,1.32
2024-08-24,Hoffenheim,Holstein Kiel,3,2,3.74,1.97
2024-08-24,Freiburg,Stuttgart,3,1,3.01,0.37
2024-08-24,Augsburg,Werder Bremen,2,2,1.32,1.54
2024-08-24,Mainz,Union Berlin,1,1,1.77,0.73
2024-08-24,Dortmund,Ein Frankfurt,2,0,1.93,1.15
2024-08-25,Wolfsburg,Bayern Munich,2,3,2.08,2.18
2024-08-25,St Pauli,Heidenheim,0,2,1.16,1.17
2024-08-30,Union Berlin,St Pauli,1,0,1.05,0.64
2024-08-31,Bochum,M'gladbach,0,2,0.92,2.67
2024-08-31,Werder Bremen,Dortmund,0,0,0.28,0.92
2024-08-31,Holstein Kiel,Wolfsburg,0,2,0.89,1.46
2024-08-31,Stuttgart,Mainz,3,3,4.21,1.95
2024-08-31,Ein Frankfurt,Hoffenheim,3,1,2.69,0.83
2024-08-31,Leverkusen,RB Leipzig,2,3,3.42,1.51
2024-09-01,Heidenheim,Augsburg,4,0,3.09,0.64
2024-09-01,Bayern Munich,Freiburg,2,0,1.63,0.97
2024-09-13,Dortmund,Heidenheim,4,2,2.84,1.61
2024-09-14,Hoffenheim,Leverkusen,1,4,1.06,3.42
2024-09-14,Freiburg,Bochum,2,1,3.96,1.11
2024-09-14,RB Leipzig,Union Berlin,0,0,1.29,0.86
2024-09-14,Wolfsburg,Ein Frankfurt,1,2,1.23,2.87
2024-09-14,M'gladbach,Stuttgart,1,3,2.05,2.72
2024-09-14,Holstein Kiel,Bayern Munich,1,6,0.3,4.13
2024-09-15,Augsburg,St Pauli,3,1,2.61,0.49
2024-09-15,Mainz,Werder Bremen,1,2,1.67,1.81
2024-09-20,Augsburg,Mainz,2,3,2.8,1.26
2024-09-21,Union Berlin,Hoffenheim,2,1,1.22,0.38
2024-09-21,Bochum,Holstein Kiel,2,2,1.32,2.27
2024-09-21,Heidenheim,Freiburg,0,3,0.38,1.24
2024-09-21,Werder Bremen,Bayern Munich,0,5,0.0,3.34
2024-09-21,Ein Frankfurt,M'gladbach,2,0,2.93,1.2
2024-09-22,Leverkusen,Wolfsburg,4,3,1.72,0.84
2024-09-22,Stuttgart,Dortmund,5,1,3.56,0.61
2024-09-22,St Pauli,RB Leipzig,0,0,1.67,0.84
2024-09-27,Dortmund,Bochum,4,2,4.17,1.03
2024-09-28,Freiburg,St Pauli,0,3,1.1,1.41
2024-09-28,Wolfsburg,Stuttgart,2,2,1.04,2.58
2024-09-28,Mainz,Heidenheim,0,2,0.37,1.09
2024-09-28,M'gladbach,Union Berlin,1,0,1.38,0.73
2024-09-28,RB Leipzig,Augsburg,4,0,2.82,1.07
2024-09-28,Bayern Munich,Leverkusen,1,1,1.19,0.09
2024-09-29,Holstein Kiel,Ein Frankfurt,2,4,1.03,2.43
2024-09-29,Hoffenheim,Werder Bremen,3,4,1.79,4.07
2024-10-04,Augsburg,M'gladbach,2,1,1.76,0.81
2024-10-05,Werder Bremen,Freiburg,0,1,0.88,1.58
2024-10-05,Union Berlin,Dortmund,2,1,1.53,0.75
2024-10-05,Bochum,Wolfsburg,1,3,2.29,2.37
2024-10-05,Leverkusen,Holstein Kiel,2,2,2.58,1.98
2024-10-05,St Pauli,Mainz,0,3,0.81,1.3
2024-10-06,Heidenheim,RB Leipzig,0,1,1.08,1.82
2024-10-06,Ein Frankfurt,Bayern Munich,3,3,1.5,2.83
2024-10-06,Stuttgart,Hoffenheim,1,1,1.73,0.89
2024-10-18,Dortmund,St Pauli,2,1,3.97,1.07
2024-10-19,Leverkusen,Ein Frankfurt,2,1,4.07,1.55
2024-10-19,Hoffenheim,Bochum,3,1,2.46,2.35
2024-10-19,Freiburg,Augsburg,3,1,1.08,0.87
2024-10-19,Mainz,RB Leipzig,0,2,0.61,2.16
2024-10-19,M'gladbach,Heidenheim,3,2,4.15,1.9
2024-10-19,Bayern Munich,Stuttgart,4,0,3.62,0.29
2024-10-20,Holstein Kiel,Union Berlin,0,2,0.9,1.28
2024-10-20,Wolfsburg,Werder Bremen,2,4,2.17,2.15
2024-10-25,Mainz,M'gladbach,1,1,1.46,0.93
2024-10-26,Stuttgart,Holstein Kiel,2,1,1.91,0.68
2024-10-26,RB Leipzig,Freiburg,3,1,2.69,1.76
2024-10-26,Augsburg,Dortmund,2,1,0.56,0.78
2024-10-26,St Pauli,Wolfsburg,0,0,0.73,0.94
2024-10-26,Werder Bremen,Leverkusen,2,2,1.79,1.31
2024-10-27,Bochum,Bayern Munich,0,5,0.21,3.15
2024-10-27,Union Berlin,Ein Frankfurt,1,1,1.86,1.54
2024-10-27,Heidenheim,Hoffenheim,0,0,1.58,0.69
2024-11-01,Leverkusen,Stuttgart,0,0,2.78,0.22
2024-11-02,Bayern Munich,Union Berlin,3,0,2.76,0.47
2024-11-02,Ein Frankfurt,Bochum,7,2,3.83,2.09
2024-11-02,Hoffenheim,St Pauli,0,2,0.75,1.12
2024-11-02,Wolfsburg,Augsburg,1,1,1.11,0.5
2024-11-02,Holstein Kiel,Heidenheim,1,0,2.13,1.28
2024-11-02,Dortmund,RB Leipzig,2,1,3.3,0.24
2024-11-03,Freiburg,Mainz,0,0,0.46,0.9
2024-11-03,M'gladbach,Werder Bremen,4,1,2.96,1.3
2024-11-08,Union Berlin,Freiburg,0,0,0.8,2.67
2024-11-09,Werder Bremen,Holstein Kiel,2,1,2.26,0.88
2024-11-09,Mainz,Dortmund,3,1,3.19,0.85
2024-11-09,Bochum,Leverkusen,1,1,0.78,1.41
2024-11-09,St Pauli,Bayern Munich,0,1,0.08,1.67
2024-11-09,RB Leipzig,M'gladbach,0,0,0.85,1.32
2024-11-10,Augsburg,Hoffenheim,0,0,0.97,0.42
2024-11-10,Stuttgart,Ein Frankfurt,2,3,2.82,1.94
2024-11-10,Heidenheim,Wolfsburg,1,3,2.62,1.55
2024-11-22,Bayern Munich,Augsburg,3,0,4.03,0.15
2024-11-23,Leverkusen,Heidenheim,5,2,2.03,1.03
2024-11-23,Stuttgart,Bochum,2,0,2.06,0.65
2024-11-23,Dortmund,Freiburg,4,0,1.5,1.2
2024-11-23,Hoffenheim,RB Leipzig,4,3,2.6,1.73
2024-11-23,Wolfsburg,Union Berlin,1,0,0.74,0.63
2024-11-23,Ein Frankfurt,Werder Bremen,1,0,1.47,0.63
2024-11-24,Holstein Kiel,Mainz,0,3,0.35,2.14
2024-11-24,M'gladbach,St Pauli,2,0,2.99,1.15
2024-11-30,RB Leipzig,Wolfsburg,1,5,1.45,2.7
2024-11-30,Werder Bremen,Stuttgart,2,2,2.15,1.67
2024-11-30,Freiburg,M'gladbach,3,1,2.15,1.28
2024-11-30,Augsburg,Bochum,1,0,2.16,0.25
2024-11-30,Union Berlin,Leverkusen,1,2,1.11,0.91
2024-11-29,St Pauli,Holstein Kiel,3,1,1.96,1.15
2024-11-30,Dortmund,Bayern Munich,1,1,0.56,1.83
2024-12-01,Heidenheim,Ein Frankfurt,0,4,0.86,3.19
2024-12-01,Mainz,Hoffenheim,2,0,2.63,0.81
2024-12-06,Stuttgart,Union Berlin,3,2,1.81,1.86
2024-12-07,Leverkusen,St Pauli,2,1,0.73,2.18
2024-12-07,Bochum,Werder Bremen,0,1,1.16,1.21
2024-12-07,Holstein Kiel,RB Leipzig,0,2,1.15,1.73
2024-12-07,Bayern Munich,Heidenheim,4,2,3.09,1.17
2024-12-07,Ein Frankfurt,Augsburg,2,2,1.53,1.17
2024-12-07,M'gladbach,Dortmund,1,1,1.1,1.59
2024-12-08,Wolfsburg,Mainz,4,3,1.49,3.02
2024-12-08,Hoffenheim,Freiburg,1,1,1.49,1.53
2024-12-13,Freiburg,Wolfsburg,3,2,2.97,1.85
2024-12-14,Augsburg,Leverkusen,0,2,0.44,1.02
2024-12-14,Mainz,Bayern Munich,2,1,1.64,0.99
2024-12-14,M'gladbach,Holstein Kiel,4,1,2.33,0.32
2024-12-14,Union Berlin,Bochum,1,1,3.01,1.24
2024-12-14,St Pauli,Werder Bremen,0,2,0.52,0.99
2024-12-15,Heidenheim,Stuttgart,1,3,0.81,3.46
2024-12-15,Dortmund,Hoffenheim,1,1,0.43,1.31
2024-12-15,RB Leipzig,Ein Frankfurt,2,1,2.5,0.84
2024-12-20,Bayern Munich,RB Leipzig,5,1,4.36,0.55
2024-12-21,Stuttgart,St Pauli,0,1,2.42,2.58
2024-12-21,Ein Frankfurt,Mainz,1,3,2.59,0.75
2024-12-21,Hoffenheim,M'gladbach,1,2,3.72,0.49
2024-12-21,Werder Bremen,Union Berlin,4,1,2.73,1.64
2024-12-21,Holstein Kiel,Augsburg,5,1,2.49,1.13
2024-12-21,Leverkusen,Freiburg,5,1,3.26,1.34
2024-12-22,Bochum,Heidenheim,2,0,1.68,0.51
2024-12-22,Wolfsburg,Dortmund,1,3,1.95,2.41
2025-01-10,Dortmund,Leverkusen,2,3,1.49,1.88
2025-01-11,Hoffenheim,Wolfsburg,0,1,1.18,1.49
2025-01-11,Heidenheim,Union Berlin,2,0,1.76,1.03
2025-01-11,Freiburg,Holstein Kiel,3,2,0.75,1.67
2025-01-11,Mainz,Bochum,2,0,1.72,0.7
2025-01-11,St Pauli,Ein Frankfurt,0,1,2.55,2.24
2025-01-11,M'gladbach,Bayern Munich,0,1,0.33,4.48
2025-01-12,RB Leipzig,Werder Bremen,4,2,2.65,1.33
2025-01-12,Augsburg,Stuttgart,0,1,0.34,2.62
2025-01-14,Holstein Kiel,Dortmund,4,2,1.96,1.16
2025-01-14,Leverkusen,Mainz,1,0,1.99,0.6
2025-01-14,Ein Frankfurt,Freiburg,4,1,2.82,0.59
2025-01-14,Wolfsburg,M'gladbach,5,1,3.73,0.86
2025-01-15,Bochum,St Pauli,1,0,1.82,1.15
2025-01-15,Stuttgart,RB Leipzig,2,1,2.43,0.71
2025-01-15,Bayern Munich,Hoffenheim,5,0,3.8,0.22
2025-01-15,Werder Bremen,Heidenheim,3,3,1.87,1.92
2025-01-15,Union Berlin,Augsburg,0,2,0.55,1.42
2025-01-17,Ein Frankfurt,Dortmund,2,0,2.05,0.58
2025-01-18,Stuttgart,Freiburg,4,0,2.27,0.19
2025-01-18,Bayern Munich,Wolfsburg,3,2,3.23,0.7
2025-01-18,Heidenheim,St Pauli,0,2,0.92,2.23
2025-01-18,Bochum,RB Leipzig,3,3,2.76,2.39
2025-01-18,Holstein Kiel,Hoffenheim,1,3,0.91,0.91
2025-01-18,Leverkusen,M'gladbach,3,1,2.08,0.47
2025-01-19,Union Berlin,Mainz,2,1,2.45,1.4
2025-01-19,Werder Bremen,Augsburg,0,2,1.15,1.32
2025-01-24,Wolfsburg,Holstein Kiel,2,2,2.52,0.27
2025-01-25,RB Leipzig,Leverkusen,2,2,0.71,2.58
2025-01-25,Dortmund,Werder Bremen,2,2,1.49,1.12
2025-01-25,Mainz,Stuttgart,2,0,2.23,0.92
2025-01-25,Augsburg,Heidenheim,2,1,1.64,0.95
2025-01-25,Freiburg,Bayern Munich,1,2,0.27,0.79
2025-01-25,M'gladbach,Bochum,3,0,2.93,0.76
2025-01-26,Hoffenheim,Ein Frankfurt,2,2,2.32,2.3
2025-01-26,St Pauli,Union Berlin,3,0,1.4,0.99
2025-01-31,Werder Bremen,Mainz,1,0,2.59,1.02
2025-02-01,Bochum,Freiburg,0,1,0.84,3.33
2025-02-01,St Pauli,Augsburg,1,1,0.85,0.19
2025-02-01,Stuttgart,M'gladbach,1,2,0.95,1.97
2025-02-01,Bayern Munich,Holstein Kiel,4,3,4.93,2.06
2025-02-01,Heidenheim,Dortmund,1,2,0.53,2.68
2025-02-01,Union Berlin,RB Leipzig,0,0,1.75,0.24
2025-02-02,Ein Frankfurt,Wolfsburg,1,1,1.7,1.46
2025-02-02,Leverkusen,Hoffenheim,3,1,1.35,1.95
2025-02-07,Bayern Munich,Werder Bremen,3,0,4.48,0.15
2025-02-08,Dortmund,Stuttgart,1,2,1.07,0.45
2025-02-08,Hoffenheim,Union Berlin,0,4,0.88,3.87
2025-02-08,Freiburg,Heidenheim,1,0,1.33,0.43
2025-02-08,Wolfsburg,Leverkusen,0,0,0.9,1.66
2025-02-08,Mainz,Augsburg,0,0,2.0,0.26
2025-02-08,M'gladbach,Ein Frankfurt,1,1,0.66,2.55
2025-02-09,Holstein Kiel,Bochum,2,2,2.0,2.0
2025-02-09,RB Leipzig,St Pauli,2,0,1.9,0.72
2025-02-14,Augsburg,RB Leipzig,0,0,1.05,1.65
2025-02-15,Stuttgart,Wolfsburg,1,2,1.22,1.76
2025-02-15,Union Berlin,M'gladbach,1,2,1.67,2.22
2025-02-15,Bochum,Dortmund,2,0,3.37,2.71
2025-02-15,St Pauli,Freiburg,0,1,0.19,1.25
2025-02-15,Leverkusen,Bayern Munich,0,0,2.56,0.07
2025-02-16,Werder Bremen,Hoffenheim,1,3,0.86,1.92
2025-02-16,Ein Frankfurt,Holstein Kiel,3,1,3.03,1.27
2025-02-16,Heidenheim,Mainz,0,2,0.55,1.95
2025-02-21,Freiburg,Werder Bremen,5,0,2.66,1.25
2025-02-22,Wolfsburg,Bochum,1,1,2.16,1.47
2025-02-22,Mainz,St Pauli,2,0,1.36,0.9
2025-02-22,M'gladbach,Augsburg,0,3,0.8,1.74
2025-02-22,Holstein Kiel,Leverkusen,0,2,0.49,2.56
2025-02-22,Dortmund,Union Berlin,6,0,5.44,0.37
2025-02-23,RB Leipzig,Heidenheim,2,2,1.65,0.83
2025-02-23,Bayern Munich,Ein Frankfurt,4,0,4.49,0.49
2025-02-23,Hoffenheim,Stuttgart,1,1,0.71,3.67
2025-02-28,Stuttgart,Bayern Munich,1,3,0.65,2.3
2025-03-01,RB Leipzig,Mainz,1,2,1.78,1.65
2025-03-01,Heidenheim,M'gladbach,0,3,1.88,1.72
2025-03-01,Werder Bremen,Wolfsburg,1,2,2.1,1.12
2025-03-01,St Pauli,Dortmund,0,2,0.29,2.24
2025-03-01,Bochum,Hoffenheim,0,1,1.45,0.53
2025-03-01,Ein Frankfurt,Leverkusen,1,4,1.0,2.37
2025-03-02,Union Berlin,Holstein Kiel,0,1,0.89,0.69
2025-03-02,Augsburg,Freiburg,0,0,2.22,0.8
2025-03-07,M'gladbach,Mainz,1,3,1.26,1.99
2025-03-08,Leverkusen,Werder Bremen,0,2,1.36,1.68
2025-03-08,Bayern Munich,Bochum,2,3,2.73,1.36
2025-03-08,Dortmund,Augsburg,0,1,1.11,0.25
2025-03-08,Wolfsburg,St Pauli,1,1,1.97,1.24
2025-03-08,Holstein Kiel,Stuttgart,2,2,1.97,1.07
2025-03-08,Freiburg,RB Leipzig,0,0,0.51,2.03
2025-03-09,Ein Frankfurt,Union Berlin,1,2,2.01,0.73
2025-03-09,Hoffenheim,Heidenheim,1,1,1.78,2.31
2025-03-14,St Pauli,Hoffenheim,1,0,1.44,0.2
2025-03-15,Werder Bremen,M'gladbach,2,4,2.98,2.32
2025-03-15,Augsburg,Wolfsburg,1,0,0.6,0.76
2025-03-15,Mainz,Freiburg,2,2,1.33,2.93
2025-03-15,Union Berlin,Bayern Munich,1,1,0.8,1.84
2025-03-15,RB Leipzig,Dortmund,2,0,2.56,4.1
2025-03-16,Bochum,Ein Frankfurt,1,3,1.88,3.29
2025-03-16,Heidenheim,Holstein Kiel,3,1,1.66,1.15
2025-03-16,Stuttgart,Leverkusen,3,4,2.85,2.07
2025-03-28,Leverkusen,Bochum,3,1,2.08,0.7
2025-03-29,Bayern Munich,St Pauli,3,2,4.0,0.84
2025-03-29,M'gladbach,RB Leipzig,1,0,1.8,0.93
2025-03-29,Wolfsburg,Heidenheim,0,1,1.24,1.31
2025-03-29,Hoffenheim,Augsburg,1,1,1.95,0.69
2025-03-29,Holstein Kiel,Werder Bremen,0,3,0.56,1.48
2025-03-29,Ein Frankfurt,Stuttgart,1,0,3.69,0.86
2025-03-30,Freiburg,Union Berlin,1,2,1.01,1.39
2025-03-30,Dortmund,Mainz,3,1,2.7,0.65
2025-04-04,Augsburg,Bayern Munich,1,3,0.57,1.92
2025-04-05,RB Leipzig,Hoffenheim,3,1,1.4,1.19
2025-04-05,Heidenheim,Leverkusen,0,1,1.3,0.37
2025-04-05,Freiburg,Dortmund,1,4,2.03,3.55
2025-04-05,Mainz,Holstein Kiel,1,1,1.65,1.66
2025-04-05,Bochum,Stuttgart,0,4,0.82,2.65
2025-04-05,Werder Bremen,Ein Frankfurt,2,0,1.23,0.52
2025-04-06,St Pauli,M'gladbach,1,1,2.19,0.65
2025-04-06,Union Berlin,Wolfsburg,1,0,1.55,1.8
2025-04-11,Wolfsburg,RB Leipzig,2,3,1.84,1.6
2025-04-12,Leverkusen,Union Berlin,0,0,0.5,0.51
2025-04-12,Hoffenheim,Mainz,2,0,1.42,0.97
2025-04-12,M'gladbach,Freiburg,1,2,0.52,2.32
2025-04-12,Bochum,Augsburg,1,2,1.86,1.03
2025-04-12,Holstein Kiel,St Pauli,1,2,0.69,1.07
2025-04-12,Bayern Munich,Dortmund,2,2,2.95,1.72
2025-04-13,Stuttgart,Werder Bremen,1,2,1.75,1.65
2025-04-13,Ein Frankfurt,Heidenheim,3,0,3.65,1.29
2025-04-19,RB Leipzig,Holstein Kiel,1,1,2.17,1.02
2025-04-19,Heidenheim,Bayern Munich,0,4,0.53,3.54
2025-04-19,Werder Bremen,Bochum,1,0,2.71,0.49
2025-04-19,Freiburg,Hoffenheim,3,2,1.55,1.95
2025-04-19,Mainz,Wolfsburg,2,2,2.68,1.81
2025-04-19,Union Berlin,Stuttgart,4,4,2.16,1.19
2025-04-20,Augsburg,Ein Frankfurt,0,0,1.14,1.4
2025-04-20,Dortmund,M'gladbach,3,2,1.18,1.22
2025-04-20,St Pauli,Leverkusen,1,1,2.32,1.13
2025-04-25,Stuttgart,Heidenheim,0,1,1.92,0.52
2025-04-26,Leverkusen,Augsburg,2,0,1.04,0.64
2025-04-26,Bayern Munich,Mainz,3,0,1.7,0.92
2025-04-26,Hoffenheim,Dortmund,2,3,1.19,2.42
2025-04-26,Wolfsburg,Freiburg,0,1,0.29,1.96
2025-04-26,Holstein Kiel,M'gladbach,4,3,3.04,2.55
2025-04-26,Ein Frankfurt,RB Leipzig,4,0,2.24,0.32
2025-04-27,Bochum,Union Berlin,1,1,1.52,0.5
2025-04-27,Werder Bremen,St Pauli,0,0,1.55,0.83
2025-05-02,Heidenheim,Bochum,0,0,0.46,1.81
2025-05-03,RB Leipzig,Bayern Munich,3,3,1.75,1.97
2025-05-03,M'gladbach,Hoffenheim,4,4,1.92,1.91
2025-05-03,Union Berlin,Werder Bremen,2,2,1.35,1.36
2025-05-03,St Pauli,Stuttgart,0,1,0.21,3.56
2025-05-03,Dortmund,Wolfsburg,4,0,2.55,1.36
2025-05-04,Augsburg,Holstein Kiel,1,3,3.93,2.1
2025-05-04,Freiburg,Leverkusen,2,2,0.9,0.23
2025-05-04,Mainz,Ein Frankfurt,1,1,1.64,1.39
2025-05-09,Wolfsburg,Hoffenheim,2,2,1.37,1.11
2025-05-10,Werder Bremen,RB Leipzig,0,0,3.21,1.39
2025-05-10,Union Berlin,Heidenheim,0,3,0.53,1.86
2025-05-10,Bochum,Mainz,1,4,0.73,2.49
2025-05-10,Holstein Kiel,Freiburg,1,2,0.97,2.02
2025-05-10,Bayern Munich,M'gladbach,2,0,2.78,1.36
2025-05-11,Leverkusen,Dortmund,2,4,1.9,1.39
2025-05-11,Ein Frankfurt,St Pauli,2,2,1.82,0.67
2025-05-11,Stuttgart,Augsburg,4,0,4.97,0.38
2025-05-17,RB Leipzig,Stuttgart,2,3,1.42,3.35
2025-05-17,Dortmund,Holstein Kiel,3,0,2.56,0.57
2025-05-17,Hoffenheim,Bayern Munich,0,4,0.66,2.21
2025-05-17,Heidenheim,Werder Bremen,1,4,1.76,2.21
2025-05-17,Freiburg,Ein Frankfurt,1,3,1.14,2.62
2025-05-17,Augsburg,Union Berlin,1,2,1.58,1.14
2025-05-17,Mainz,Leverkusen,2,2,2.9,1.34
2025-05-17,M'gladbach,Wolfsburg,0,1,0.74,1.58
2025-05-17,St Pauli,Bochum,0,2,0.8,1.34
